2025-03-10 01:21:04,016 [main.py         | 48] INFO: Start to run instance_26
2025-03-10 01:21:04,016 [simulate_api.py | 60] INFO: Start time of the simulator: 2025-03-10 00:00:00, time interval:  600.00
2025-03-10 01:21:04,023 [input_utils.py  | 48] INFO: Get 154 factories
2025-03-10 01:21:04,781 [input_utils.py  | 52] INFO: Get 23562 routes
2025-03-10 01:21:04,815 [input_utils.py  | 57] INFO: Get 20 vehicles
2025-03-10 01:21:04,861 [input_utils.py  | 61] INFO: Get 500 orders
2025-03-10 01:21:04,862 [simulate_api.py | 87] INFO: Initial position of V_1 is e2d5093fbe36431f8986ddb0e1c586be
2025-03-10 01:21:04,863 [simulate_api.py | 87] INFO: Initial position of V_2 is 7fe14b93f0f04ee7a994ef5b2c1fdb72
2025-03-10 01:21:04,863 [simulate_api.py | 87] INFO: Initial position of V_3 is fa366fc87a124d32926daa5bb093129f
2025-03-10 01:21:04,863 [simulate_api.py | 87] INFO: Initial position of V_4 is e47399648fa842b2b8f80094343d8091
2025-03-10 01:21:04,864 [simulate_api.py | 87] INFO: Initial position of V_5 is becb4f85393540b287e7329758b8d832
2025-03-10 01:21:04,864 [simulate_api.py | 87] INFO: Initial position of V_6 is 7fb0acc4e2634440ba26a7ebc0040dc2
2025-03-10 01:21:04,864 [simulate_api.py | 87] INFO: Initial position of V_7 is 6380b13f12984a08a4994fb4c126215b
2025-03-10 01:21:04,864 [simulate_api.py | 87] INFO: Initial position of V_8 is 449b516ba21b4270ac1ea1b13a89514c
2025-03-10 01:21:04,864 [simulate_api.py | 87] INFO: Initial position of V_9 is c174cfe9fcbf4f1b82095941a49f7bd9
2025-03-10 01:21:04,864 [simulate_api.py | 87] INFO: Initial position of V_10 is c0979c05f2c44e6fa7c5e42ae9aa977e
2025-03-10 01:21:04,864 [simulate_api.py | 87] INFO: Initial position of V_11 is 4a85fbdd319140dd83f55766289d365f
2025-03-10 01:21:04,864 [simulate_api.py | 87] INFO: Initial position of V_12 is 61a68b6b728b4413ba6a0f695091579c
2025-03-10 01:21:04,864 [simulate_api.py | 87] INFO: Initial position of V_13 is 76d691d6054f42d48f27e16806928020
2025-03-10 01:21:04,865 [simulate_api.py | 87] INFO: Initial position of V_14 is 433544a316b84100a11a703f1b99494a
2025-03-10 01:21:04,865 [simulate_api.py | 87] INFO: Initial position of V_15 is 680ee12255ad415ab7838647f138778e
2025-03-10 01:21:04,865 [simulate_api.py | 87] INFO: Initial position of V_16 is 433544a316b84100a11a703f1b99494a
2025-03-10 01:21:04,865 [simulate_api.py | 87] INFO: Initial position of V_17 is 8479328003a8427ca68b7600f0ac7045
2025-03-10 01:21:04,865 [simulate_api.py | 87] INFO: Initial position of V_18 is 9b8851cf57f944c6b168ec887558ffaa
2025-03-10 01:21:04,865 [simulate_api.py | 87] INFO: Initial position of V_19 is 433901c139d54522a8f3790b07a335e5
2025-03-10 01:21:04,865 [simulate_api.py | 87] INFO: Initial position of V_20 is a6d6e6a52a0044e99991fc8fb0248027
2025-03-10 01:21:04,866 [simulate_environment.py | 99] INFO: **************************************************
2025-03-10 01:21:04,866 [simulate_environment.py | 103] INFO: cur time: 2025-03-10 00:10:00, pre time: 2025-03-10 00:00:00
2025-03-10 01:21:04,866 [simulate_environment.py | 140] INFO: Start to update the input of 2025-03-10 00:10:00
2025-03-10 01:21:04,866 [simulate_environment.py | 167] INFO: Get 5 unallocated order items, 0 ongoing order items, 0 completed order items
2025-03-10 01:21:04,868 [simulate_environment.py | 231] INFO: java main_algorithm
2025-03-10 01:21:05,068 [simulate_environment.py | 254] INFO: 2025-03-10 00:10:00, Item 0001280001-1: state = 1 < 2, we can not finish the simulation
2025-03-10 01:21:05,069 [simulate_environment.py | 99] INFO: **************************************************
2025-03-10 01:21:05,069 [simulate_environment.py | 103] INFO: cur time: 2025-03-10 00:20:00, pre time: 2025-03-10 00:10:00
2025-03-10 01:21:05,069 [simulate_environment.py | 140] INFO: Start to update the input of 2025-03-10 00:20:00
2025-03-10 01:21:05,082 [simulate_environment.py | 167] INFO: Get 23 unallocated order items, 0 ongoing order items, 0 completed order items
2025-03-10 01:21:05,084 [simulate_environment.py | 231] INFO: java main_algorithm
2025-03-10 01:21:05,385 [simulate_environment.py | 254] INFO: 2025-03-10 00:20:00, Item 0001280001-1: state = 1 < 2, we can not finish the simulation
2025-03-10 01:21:05,385 [simulate_environment.py | 99] INFO: **************************************************
2025-03-10 01:21:05,386 [simulate_environment.py | 103] INFO: cur time: 2025-03-10 00:30:00, pre time: 2025-03-10 00:20:00
2025-03-10 01:21:05,386 [simulate_environment.py | 140] INFO: Start to update the input of 2025-03-10 00:30:00
2025-03-10 01:21:05,395 [simulate_environment.py | 167] INFO: Get 58 unallocated order items, 0 ongoing order items, 0 completed order items
2025-03-10 01:21:05,397 [simulate_environment.py | 231] INFO: java main_algorithm
2025-03-10 01:21:05,781 [simulate_environment.py | 254] INFO: 2025-03-10 00:30:00, Item 0001280001-1: state = 1 < 2, we can not finish the simulation
2025-03-10 01:21:05,781 [simulate_environment.py | 99] INFO: **************************************************
2025-03-10 01:21:05,781 [simulate_environment.py | 103] INFO: cur time: 2025-03-10 00:40:00, pre time: 2025-03-10 00:30:00
2025-03-10 01:21:05,782 [simulate_environment.py | 140] INFO: Start to update the input of 2025-03-10 00:40:00
2025-03-10 01:21:05,785 [simulate_environment.py | 167] INFO: Get 55 unallocated order items, 13 ongoing order items, 0 completed order items
2025-03-10 01:21:05,788 [simulate_environment.py | 231] INFO: java main_algorithm
2025-03-10 01:21:06,184 [simulate_environment.py | 254] INFO: 2025-03-10 00:40:00, Item 0001280001-1: state = 1 < 2, we can not finish the simulation
2025-03-10 01:21:06,185 [simulate_environment.py | 99] INFO: **************************************************
2025-03-10 01:21:06,186 [simulate_environment.py | 103] INFO: cur time: 2025-03-10 00:50:00, pre time: 2025-03-10 00:40:00
2025-03-10 01:21:06,186 [simulate_environment.py | 140] INFO: Start to update the input of 2025-03-10 00:50:00
2025-03-10 01:21:06,191 [simulate_environment.py | 167] INFO: Get 36 unallocated order items, 36 ongoing order items, 0 completed order items
2025-03-10 01:21:06,194 [simulate_environment.py | 231] INFO: java main_algorithm
2025-03-10 01:21:06,528 [simulate_environment.py | 254] INFO: 2025-03-10 00:50:00, Item 0001280001-1: state = 1 < 2, we can not finish the simulation
2025-03-10 01:21:06,529 [simulate_environment.py | 99] INFO: **************************************************
2025-03-10 01:21:06,529 [simulate_environment.py | 103] INFO: cur time: 2025-03-10 01:00:00, pre time: 2025-03-10 00:50:00
2025-03-10 01:21:06,530 [simulate_environment.py | 140] INFO: Start to update the input of 2025-03-10 01:00:00
2025-03-10 01:21:06,535 [simulate_environment.py | 167] INFO: Get 38 unallocated order items, 36 ongoing order items, 0 completed order items
2025-03-10 01:21:06,538 [simulate_environment.py | 231] INFO: java main_algorithm
2025-03-10 01:21:06,842 [simulate_environment.py | 254] INFO: 2025-03-10 01:00:00, Item 0001280001-1: state = 1 < 2, we can not finish the simulation
2025-03-10 01:21:06,843 [simulate_environment.py | 99] INFO: **************************************************
2025-03-10 01:21:06,844 [simulate_environment.py | 103] INFO: cur time: 2025-03-10 01:10:00, pre time: 2025-03-10 01:00:00
2025-03-10 01:21:06,844 [simulate_environment.py | 140] INFO: Start to update the input of 2025-03-10 01:10:00
2025-03-10 01:21:06,848 [simulate_environment.py | 167] INFO: Get 29 unallocated order items, 43 ongoing order items, 2 completed order items
2025-03-10 01:21:06,851 [simulate_environment.py | 231] INFO: java main_algorithm
2025-03-10 01:21:07,152 [simulate_environment.py | 254] INFO: 2025-03-10 01:10:00, Item 0001280001-1: state = 1 < 2, we can not finish the simulation
2025-03-10 01:21:07,154 [simulate_environment.py | 99] INFO: **************************************************
2025-03-10 01:21:07,154 [simulate_environment.py | 103] INFO: cur time: 2025-03-10 01:20:00, pre time: 2025-03-10 01:10:00
2025-03-10 01:21:07,154 [simulate_environment.py | 140] INFO: Start to update the input of 2025-03-10 01:20:00
2025-03-10 01:21:07,160 [simulate_environment.py | 167] INFO: Get 29 unallocated order items, 43 ongoing order items, 2 completed order items
2025-03-10 01:21:07,163 [simulate_environment.py | 231] INFO: java main_algorithm
2025-03-10 01:21:07,456 [simulate_environment.py | 254] INFO: 2025-03-10 01:20:00, Item 0001280001-1: state = 1 < 2, we can not finish the simulation
2025-03-10 01:21:07,458 [simulate_environment.py | 99] INFO: **************************************************
2025-03-10 01:21:07,458 [simulate_environment.py | 103] INFO: cur time: 2025-03-10 01:30:00, pre time: 2025-03-10 01:20:00
2025-03-10 01:21:07,459 [simulate_environment.py | 140] INFO: Start to update the input of 2025-03-10 01:30:00
2025-03-10 01:21:07,473 [simulate_environment.py | 167] INFO: Get 25 unallocated order items, 46 ongoing order items, 3 completed order items
2025-03-10 01:21:07,476 [simulate_environment.py | 231] INFO: java main_algorithm
2025-03-10 01:21:07,761 [simulate_environment.py | 254] INFO: 2025-03-10 01:30:00, Item 0001280001-1: state = 1 < 2, we can not finish the simulation
2025-03-10 01:21:07,762 [simulate_environment.py | 99] INFO: **************************************************
2025-03-10 01:21:07,763 [simulate_environment.py | 103] INFO: cur time: 2025-03-10 01:40:00, pre time: 2025-03-10 01:30:00
2025-03-10 01:21:07,763 [simulate_environment.py | 140] INFO: Start to update the input of 2025-03-10 01:40:00
2025-03-10 01:21:07,770 [simulate_environment.py | 167] INFO: Get 25 unallocated order items, 46 ongoing order items, 3 completed order items
2025-03-10 01:21:07,773 [simulate_environment.py | 231] INFO: java main_algorithm
2025-03-10 01:21:08,044 [simulate_environment.py | 254] INFO: 2025-03-10 01:40:00, Item 0001280001-1: state = 1 < 2, we can not finish the simulation
2025-03-10 01:21:08,045 [simulate_environment.py | 99] INFO: **************************************************
2025-03-10 01:21:08,045 [simulate_environment.py | 103] INFO: cur time: 2025-03-10 01:50:00, pre time: 2025-03-10 01:40:00
2025-03-10 01:21:08,046 [simulate_environment.py | 140] INFO: Start to update the input of 2025-03-10 01:50:00
2025-03-10 01:21:08,051 [simulate_environment.py | 167] INFO: Get 28 unallocated order items, 46 ongoing order items, 3 completed order items
2025-03-10 01:21:08,054 [simulate_environment.py | 231] INFO: java main_algorithm
2025-03-10 01:21:08,368 [simulate_environment.py | 254] INFO: 2025-03-10 01:50:00, Item 0001280001-1: state = 1 < 2, we can not finish the simulation
2025-03-10 01:21:08,369 [simulate_environment.py | 99] INFO: **************************************************
2025-03-10 01:21:08,369 [simulate_environment.py | 103] INFO: cur time: 2025-03-10 02:00:00, pre time: 2025-03-10 01:50:00
2025-03-10 01:21:08,370 [simulate_environment.py | 140] INFO: Start to update the input of 2025-03-10 02:00:00
2025-03-10 01:21:08,379 [simulate_environment.py | 167] INFO: Get 26 unallocated order items, 47 ongoing order items, 4 completed order items
2025-03-10 01:21:08,383 [simulate_environment.py | 231] INFO: java main_algorithm
2025-03-10 01:21:08,669 [simulate_environment.py | 254] INFO: 2025-03-10 02:00:00, Item 0001280001-1: state = 1 < 2, we can not finish the simulation
2025-03-10 01:21:08,670 [simulate_environment.py | 99] INFO: **************************************************
2025-03-10 01:21:08,671 [simulate_environment.py | 103] INFO: cur time: 2025-03-10 02:10:00, pre time: 2025-03-10 02:00:00
2025-03-10 01:21:08,671 [simulate_environment.py | 140] INFO: Start to update the input of 2025-03-10 02:10:00
2025-03-10 01:21:08,676 [simulate_environment.py | 167] INFO: Get 26 unallocated order items, 45 ongoing order items, 9 completed order items
2025-03-10 01:21:08,679 [simulate_environment.py | 231] INFO: java main_algorithm
2025-03-10 01:21:08,971 [simulate_environment.py | 254] INFO: 2025-03-10 02:10:00, Item 0001280001-1: state = 1 < 2, we can not finish the simulation
2025-03-10 01:21:08,972 [simulate_environment.py | 99] INFO: **************************************************
2025-03-10 01:21:08,973 [simulate_environment.py | 103] INFO: cur time: 2025-03-10 02:20:00, pre time: 2025-03-10 02:10:00
2025-03-10 01:21:08,973 [simulate_environment.py | 140] INFO: Start to update the input of 2025-03-10 02:20:00
2025-03-10 01:21:08,988 [simulate_environment.py | 167] INFO: Get 45 unallocated order items, 46 ongoing order items, 10 completed order items
2025-03-10 01:21:08,992 [simulate_environment.py | 231] INFO: java main_algorithm
2025-03-10 01:21:09,294 [simulate_environment.py | 254] INFO: 2025-03-10 02:20:00, Item 0001280001-1: state = 1 < 2, we can not finish the simulation
2025-03-10 01:21:09,296 [simulate_environment.py | 99] INFO: **************************************************
2025-03-10 01:21:09,296 [simulate_environment.py | 103] INFO: cur time: 2025-03-10 02:30:00, pre time: 2025-03-10 02:20:00
2025-03-10 01:21:09,296 [simulate_environment.py | 140] INFO: Start to update the input of 2025-03-10 02:30:00
2025-03-10 01:21:09,301 [simulate_environment.py | 167] INFO: Get 48 unallocated order items, 29 ongoing order items, 27 completed order items
2025-03-10 01:21:09,304 [simulate_environment.py | 231] INFO: java main_algorithm
2025-03-10 01:21:09,612 [simulate_environment.py | 254] INFO: 2025-03-10 02:30:00, Item 0001280001-1: state = 1 < 2, we can not finish the simulation
2025-03-10 01:21:09,613 [simulate_environment.py | 99] INFO: **************************************************
2025-03-10 01:21:09,614 [simulate_environment.py | 103] INFO: cur time: 2025-03-10 02:40:00, pre time: 2025-03-10 02:30:00
2025-03-10 01:21:09,614 [simulate_environment.py | 140] INFO: Start to update the input of 2025-03-10 02:40:00
2025-03-10 01:21:09,629 [simulate_environment.py | 167] INFO: Get 53 unallocated order items, 29 ongoing order items, 27 completed order items
2025-03-10 01:21:09,632 [simulate_environment.py | 231] INFO: java main_algorithm
2025-03-10 01:21:09,946 [simulate_environment.py | 254] INFO: 2025-03-10 02:40:00, Item 0001280001-1: state = 1 < 2, we can not finish the simulation
2025-03-10 01:21:09,947 [simulate_environment.py | 99] INFO: **************************************************
2025-03-10 01:21:09,948 [simulate_environment.py | 103] INFO: cur time: 2025-03-10 02:50:00, pre time: 2025-03-10 02:40:00
2025-03-10 01:21:09,948 [simulate_environment.py | 140] INFO: Start to update the input of 2025-03-10 02:50:00
2025-03-10 01:21:09,957 [simulate_environment.py | 167] INFO: Get 38 unallocated order items, 43 ongoing order items, 29 completed order items
2025-03-10 01:21:09,960 [simulate_environment.py | 231] INFO: java main_algorithm
2025-03-10 01:21:10,239 [simulate_environment.py | 254] INFO: 2025-03-10 02:50:00, Item 0032060022-1: state = 1 < 2, we can not finish the simulation
2025-03-10 01:21:10,241 [simulate_environment.py | 99] INFO: **************************************************
2025-03-10 01:21:10,241 [simulate_environment.py | 103] INFO: cur time: 2025-03-10 03:00:00, pre time: 2025-03-10 02:50:00
2025-03-10 01:21:10,242 [simulate_environment.py | 140] INFO: Start to update the input of 2025-03-10 03:00:00
2025-03-10 01:21:10,254 [simulate_environment.py | 167] INFO: Get 41 unallocated order items, 43 ongoing order items, 29 completed order items
2025-03-10 01:21:10,261 [simulate_environment.py | 231] INFO: java main_algorithm
2025-03-10 01:21:10,569 [simulate_environment.py | 254] INFO: 2025-03-10 03:00:00, Item 0032060022-1: state = 1 < 2, we can not finish the simulation
2025-03-10 01:21:10,570 [simulate_environment.py | 99] INFO: **************************************************
2025-03-10 01:21:10,570 [simulate_environment.py | 103] INFO: cur time: 2025-03-10 03:10:00, pre time: 2025-03-10 03:00:00
2025-03-10 01:21:10,571 [simulate_environment.py | 140] INFO: Start to update the input of 2025-03-10 03:10:00
2025-03-10 01:21:10,582 [simulate_environment.py | 167] INFO: Get 48 unallocated order items, 44 ongoing order items, 29 completed order items
2025-03-10 01:21:10,587 [simulate_environment.py | 231] INFO: java main_algorithm
2025-03-10 01:21:10,935 [simulate_environment.py | 254] INFO: 2025-03-10 03:10:00, Item 0055460029-1: state = 1 < 2, we can not finish the simulation
2025-03-10 01:21:10,937 [simulate_environment.py | 99] INFO: **************************************************
2025-03-10 01:21:10,937 [simulate_environment.py | 103] INFO: cur time: 2025-03-10 03:20:00, pre time: 2025-03-10 03:10:00
2025-03-10 01:21:10,937 [simulate_environment.py | 140] INFO: Start to update the input of 2025-03-10 03:20:00
2025-03-10 01:21:10,941 [simulate_environment.py | 167] INFO: Get 37 unallocated order items, 60 ongoing order items, 29 completed order items
2025-03-10 01:21:10,945 [simulate_environment.py | 231] INFO: java main_algorithm
2025-03-10 01:21:11,260 [simulate_environment.py | 254] INFO: 2025-03-10 03:20:00, Item 0055460029-1: state = 1 < 2, we can not finish the simulation
2025-03-10 01:21:11,261 [simulate_environment.py | 99] INFO: **************************************************
2025-03-10 01:21:11,262 [simulate_environment.py | 103] INFO: cur time: 2025-03-10 03:30:00, pre time: 2025-03-10 03:20:00
2025-03-10 01:21:11,262 [simulate_environment.py | 140] INFO: Start to update the input of 2025-03-10 03:30:00
2025-03-10 01:21:11,269 [simulate_environment.py | 167] INFO: Get 41 unallocated order items, 60 ongoing order items, 29 completed order items
2025-03-10 01:21:11,273 [simulate_environment.py | 231] INFO: java main_algorithm
2025-03-10 01:21:11,711 [simulate_environment.py | 254] INFO: 2025-03-10 03:30:00, Item 0055460029-1: state = 1 < 2, we can not finish the simulation
2025-03-10 01:21:11,713 [simulate_environment.py | 99] INFO: **************************************************
2025-03-10 01:21:11,713 [simulate_environment.py | 103] INFO: cur time: 2025-03-10 03:40:00, pre time: 2025-03-10 03:30:00
2025-03-10 01:21:11,714 [simulate_environment.py | 140] INFO: Start to update the input of 2025-03-10 03:40:00
2025-03-10 01:21:11,723 [simulate_environment.py | 167] INFO: Get 41 unallocated order items, 54 ongoing order items, 40 completed order items
2025-03-10 01:21:11,727 [simulate_environment.py | 231] INFO: java main_algorithm
2025-03-10 01:21:12,051 [simulate_environment.py | 254] INFO: 2025-03-10 03:40:00, Item 0211480034-1: state = 1 < 2, we can not finish the simulation
2025-03-10 01:21:12,052 [simulate_environment.py | 99] INFO: **************************************************
2025-03-10 01:21:12,052 [simulate_environment.py | 103] INFO: cur time: 2025-03-10 03:50:00, pre time: 2025-03-10 03:40:00
2025-03-10 01:21:12,053 [simulate_environment.py | 140] INFO: Start to update the input of 2025-03-10 03:50:00
2025-03-10 01:21:12,067 [simulate_environment.py | 167] INFO: Get 42 unallocated order items, 41 ongoing order items, 56 completed order items
2025-03-10 01:21:12,070 [simulate_environment.py | 231] INFO: java main_algorithm
2025-03-10 01:21:12,398 [simulate_environment.py | 254] INFO: 2025-03-10 03:50:00, Item 0218180035-1: state = 1 < 2, we can not finish the simulation
2025-03-10 01:21:12,399 [simulate_environment.py | 99] INFO: **************************************************
2025-03-10 01:21:12,400 [simulate_environment.py | 103] INFO: cur time: 2025-03-10 04:00:00, pre time: 2025-03-10 03:50:00
2025-03-10 01:21:12,400 [simulate_environment.py | 140] INFO: Start to update the input of 2025-03-10 04:00:00
2025-03-10 01:21:12,410 [simulate_environment.py | 167] INFO: Get 53 unallocated order items, 45 ongoing order items, 60 completed order items
2025-03-10 01:21:12,414 [simulate_environment.py | 231] INFO: java main_algorithm
2025-03-10 01:21:12,750 [simulate_environment.py | 254] INFO: 2025-03-10 04:00:00, Item 0218180035-1: state = 1 < 2, we can not finish the simulation
2025-03-10 01:21:12,751 [simulate_environment.py | 99] INFO: **************************************************
2025-03-10 01:21:12,752 [simulate_environment.py | 103] INFO: cur time: 2025-03-10 04:10:00, pre time: 2025-03-10 04:00:00
2025-03-10 01:21:12,752 [simulate_environment.py | 140] INFO: Start to update the input of 2025-03-10 04:10:00
2025-03-10 01:21:12,754 [simulate_environment.py | 167] INFO: Get 56 unallocated order items, 45 ongoing order items, 60 completed order items
2025-03-10 01:21:12,757 [simulate_environment.py | 231] INFO: java main_algorithm
2025-03-10 01:21:13,105 [simulate_environment.py | 254] INFO: 2025-03-10 04:10:00, Item 0218180035-1: state = 1 < 2, we can not finish the simulation
2025-03-10 01:21:13,106 [simulate_environment.py | 99] INFO: **************************************************
2025-03-10 01:21:13,107 [simulate_environment.py | 103] INFO: cur time: 2025-03-10 04:20:00, pre time: 2025-03-10 04:10:00
2025-03-10 01:21:13,107 [simulate_environment.py | 140] INFO: Start to update the input of 2025-03-10 04:20:00
2025-03-10 01:21:13,114 [simulate_environment.py | 167] INFO: Get 65 unallocated order items, 36 ongoing order items, 69 completed order items
2025-03-10 01:21:13,118 [simulate_environment.py | 231] INFO: java main_algorithm
2025-03-10 01:21:13,524 [simulate_environment.py | 254] INFO: 2025-03-10 04:20:00, Item 0218180035-1: state = 1 < 2, we can not finish the simulation
2025-03-10 01:21:13,527 [simulate_environment.py | 99] INFO: **************************************************
2025-03-10 01:21:13,527 [simulate_environment.py | 103] INFO: cur time: 2025-03-10 04:30:00, pre time: 2025-03-10 04:20:00
2025-03-10 01:21:13,527 [simulate_environment.py | 140] INFO: Start to update the input of 2025-03-10 04:30:00
2025-03-10 01:21:13,535 [simulate_environment.py | 167] INFO: Get 69 unallocated order items, 38 ongoing order items, 72 completed order items
2025-03-10 01:21:13,539 [simulate_environment.py | 231] INFO: java main_algorithm
2025-03-10 01:21:13,920 [simulate_environment.py | 254] INFO: 2025-03-10 04:30:00, Item 0218180035-1: state = 1 < 2, we can not finish the simulation
2025-03-10 01:21:13,922 [simulate_environment.py | 99] INFO: **************************************************
2025-03-10 01:21:13,923 [simulate_environment.py | 103] INFO: cur time: 2025-03-10 04:40:00, pre time: 2025-03-10 04:30:00
2025-03-10 01:21:13,923 [simulate_environment.py | 140] INFO: Start to update the input of 2025-03-10 04:40:00
2025-03-10 01:21:13,926 [simulate_environment.py | 167] INFO: Get 77 unallocated order items, 35 ongoing order items, 75 completed order items
2025-03-10 01:21:13,930 [simulate_environment.py | 231] INFO: java main_algorithm
2025-03-10 01:21:14,580 [simulate_environment.py | 254] INFO: 2025-03-10 04:40:00, Item 0218180035-1: state = 1 < 2, we can not finish the simulation
2025-03-10 01:21:14,581 [simulate_environment.py | 99] INFO: **************************************************
2025-03-10 01:21:14,581 [simulate_environment.py | 103] INFO: cur time: 2025-03-10 04:50:00, pre time: 2025-03-10 04:40:00
2025-03-10 01:21:14,582 [simulate_environment.py | 140] INFO: Start to update the input of 2025-03-10 04:50:00
2025-03-10 01:21:14,597 [simulate_environment.py | 167] INFO: Get 50 unallocated order items, 62 ongoing order items, 77 completed order items
2025-03-10 01:21:14,601 [simulate_environment.py | 231] INFO: java main_algorithm
2025-03-10 01:21:14,948 [simulate_environment.py | 254] INFO: 2025-03-10 04:50:00, Item 0308350048-1: state = 1 < 2, we can not finish the simulation
2025-03-10 01:21:14,949 [simulate_environment.py | 99] INFO: **************************************************
2025-03-10 01:21:14,950 [simulate_environment.py | 103] INFO: cur time: 2025-03-10 05:00:00, pre time: 2025-03-10 04:50:00
2025-03-10 01:21:14,950 [simulate_environment.py | 140] INFO: Start to update the input of 2025-03-10 05:00:00
2025-03-10 01:21:14,957 [simulate_environment.py | 167] INFO: Get 32 unallocated order items, 76 ongoing order items, 82 completed order items
2025-03-10 01:21:14,961 [simulate_environment.py | 231] INFO: java main_algorithm
2025-03-10 01:21:15,278 [simulate_environment.py | 254] INFO: 2025-03-10 05:00:00, Item 0308350048-1: state = 1 < 2, we can not finish the simulation
2025-03-10 01:21:15,280 [simulate_environment.py | 99] INFO: **************************************************
2025-03-10 01:21:15,280 [simulate_environment.py | 103] INFO: cur time: 2025-03-10 05:10:00, pre time: 2025-03-10 05:00:00
2025-03-10 01:21:15,280 [simulate_environment.py | 140] INFO: Start to update the input of 2025-03-10 05:10:00
2025-03-10 01:21:15,285 [simulate_environment.py | 167] INFO: Get 32 unallocated order items, 75 ongoing order items, 83 completed order items
2025-03-10 01:21:15,289 [simulate_environment.py | 231] INFO: java main_algorithm
2025-03-10 01:21:15,611 [simulate_environment.py | 254] INFO: 2025-03-10 05:10:00, Item 0308350048-1: state = 1 < 2, we can not finish the simulation
2025-03-10 01:21:15,613 [simulate_environment.py | 99] INFO: **************************************************
2025-03-10 01:21:15,614 [simulate_environment.py | 103] INFO: cur time: 2025-03-10 05:20:00, pre time: 2025-03-10 05:10:00
2025-03-10 01:21:15,614 [simulate_environment.py | 140] INFO: Start to update the input of 2025-03-10 05:20:00
2025-03-10 01:21:15,629 [simulate_environment.py | 167] INFO: Get 32 unallocated order items, 64 ongoing order items, 94 completed order items
2025-03-10 01:21:15,633 [simulate_environment.py | 231] INFO: java main_algorithm
2025-03-10 01:21:15,956 [simulate_environment.py | 254] INFO: 2025-03-10 05:20:00, Item 0308350048-1: state = 1 < 2, we can not finish the simulation
2025-03-10 01:21:15,957 [simulate_environment.py | 99] INFO: **************************************************
2025-03-10 01:21:15,958 [simulate_environment.py | 103] INFO: cur time: 2025-03-10 05:30:00, pre time: 2025-03-10 05:20:00
2025-03-10 01:21:15,958 [simulate_environment.py | 140] INFO: Start to update the input of 2025-03-10 05:30:00
2025-03-10 01:21:15,973 [simulate_environment.py | 167] INFO: Get 18 unallocated order items, 80 ongoing order items, 95 completed order items
2025-03-10 01:21:15,977 [simulate_environment.py | 231] INFO: java main_algorithm
2025-03-10 01:21:16,333 [simulate_environment.py | 254] INFO: 2025-03-10 05:30:00, Item 0308350048-1: state = 1 < 2, we can not finish the simulation
2025-03-10 01:21:16,335 [simulate_environment.py | 99] INFO: **************************************************
2025-03-10 01:21:16,336 [simulate_environment.py | 103] INFO: cur time: 2025-03-10 05:40:00, pre time: 2025-03-10 05:30:00
2025-03-10 01:21:16,336 [simulate_environment.py | 140] INFO: Start to update the input of 2025-03-10 05:40:00
2025-03-10 01:21:16,348 [simulate_environment.py | 167] INFO: Get 27 unallocated order items, 80 ongoing order items, 101 completed order items
2025-03-10 01:21:16,352 [simulate_environment.py | 231] INFO: java main_algorithm
2025-03-10 01:21:16,716 [simulate_environment.py | 254] INFO: 2025-03-10 05:40:00, Item 0308350048-1: state = 1 < 2, we can not finish the simulation
2025-03-10 01:21:16,719 [simulate_environment.py | 99] INFO: **************************************************
2025-03-10 01:21:16,719 [simulate_environment.py | 103] INFO: cur time: 2025-03-10 05:50:00, pre time: 2025-03-10 05:40:00
2025-03-10 01:21:16,719 [simulate_environment.py | 140] INFO: Start to update the input of 2025-03-10 05:50:00
2025-03-10 01:21:16,722 [simulate_environment.py | 167] INFO: Get 24 unallocated order items, 83 ongoing order items, 111 completed order items
2025-03-10 01:21:16,726 [simulate_environment.py | 231] INFO: java main_algorithm
2025-03-10 01:21:17,101 [simulate_environment.py | 254] INFO: 2025-03-10 05:50:00, Item 0308350048-1: state = 1 < 2, we can not finish the simulation
2025-03-10 01:21:17,102 [simulate_environment.py | 99] INFO: **************************************************
2025-03-10 01:21:17,103 [simulate_environment.py | 103] INFO: cur time: 2025-03-10 06:00:00, pre time: 2025-03-10 05:50:00
2025-03-10 01:21:17,103 [simulate_environment.py | 140] INFO: Start to update the input of 2025-03-10 06:00:00
2025-03-10 01:21:17,113 [simulate_environment.py | 167] INFO: Get 31 unallocated order items, 83 ongoing order items, 111 completed order items
2025-03-10 01:21:17,117 [simulate_environment.py | 231] INFO: java main_algorithm
2025-03-10 01:21:17,438 [simulate_environment.py | 254] INFO: 2025-03-10 06:00:00, Item 0308350048-1: state = 1 < 2, we can not finish the simulation
2025-03-10 01:21:17,441 [simulate_environment.py | 99] INFO: **************************************************
2025-03-10 01:21:17,441 [simulate_environment.py | 103] INFO: cur time: 2025-03-10 06:10:00, pre time: 2025-03-10 06:00:00
2025-03-10 01:21:17,441 [simulate_environment.py | 140] INFO: Start to update the input of 2025-03-10 06:10:00
2025-03-10 01:21:17,457 [simulate_environment.py | 167] INFO: Get 30 unallocated order items, 76 ongoing order items, 121 completed order items
2025-03-10 01:21:17,461 [simulate_environment.py | 231] INFO: java main_algorithm
2025-03-10 01:21:17,799 [simulate_environment.py | 254] INFO: 2025-03-10 06:10:00, Item 0308350048-1: state = 1 < 2, we can not finish the simulation
2025-03-10 01:21:17,801 [simulate_environment.py | 99] INFO: **************************************************
2025-03-10 01:21:17,802 [simulate_environment.py | 103] INFO: cur time: 2025-03-10 06:20:00, pre time: 2025-03-10 06:10:00
2025-03-10 01:21:17,802 [simulate_environment.py | 140] INFO: Start to update the input of 2025-03-10 06:20:00
2025-03-10 01:21:17,816 [simulate_environment.py | 167] INFO: Get 28 unallocated order items, 66 ongoing order items, 137 completed order items
2025-03-10 01:21:17,819 [simulate_environment.py | 231] INFO: java main_algorithm
2025-03-10 01:21:18,264 [simulate_environment.py | 254] INFO: 2025-03-10 06:20:00, Item 0308350048-1: state = 1 < 2, we can not finish the simulation
2025-03-10 01:21:18,266 [simulate_environment.py | 99] INFO: **************************************************
2025-03-10 01:21:18,266 [simulate_environment.py | 103] INFO: cur time: 2025-03-10 06:30:00, pre time: 2025-03-10 06:20:00
2025-03-10 01:21:18,267 [simulate_environment.py | 140] INFO: Start to update the input of 2025-03-10 06:30:00
2025-03-10 01:21:18,270 [simulate_environment.py | 167] INFO: Get 41 unallocated order items, 66 ongoing order items, 140 completed order items
2025-03-10 01:21:18,274 [simulate_environment.py | 231] INFO: java main_algorithm
2025-03-10 01:21:18,708 [simulate_environment.py | 254] INFO: 2025-03-10 06:30:00, Item 0525070091-1: state = 1 < 2, we can not finish the simulation
2025-03-10 01:21:18,710 [simulate_environment.py | 99] INFO: **************************************************
2025-03-10 01:21:18,711 [simulate_environment.py | 103] INFO: cur time: 2025-03-10 06:40:00, pre time: 2025-03-10 06:30:00
2025-03-10 01:21:18,711 [simulate_environment.py | 140] INFO: Start to update the input of 2025-03-10 06:40:00
2025-03-10 01:21:18,723 [simulate_environment.py | 167] INFO: Get 38 unallocated order items, 77 ongoing order items, 140 completed order items
2025-03-10 01:21:18,727 [simulate_environment.py | 231] INFO: java main_algorithm
2025-03-10 01:21:19,070 [simulate_environment.py | 254] INFO: 2025-03-10 06:40:00, Item 0525160092-1: state = 1 < 2, we can not finish the simulation
2025-03-10 01:21:19,072 [simulate_environment.py | 99] INFO: **************************************************
2025-03-10 01:21:19,073 [simulate_environment.py | 103] INFO: cur time: 2025-03-10 06:50:00, pre time: 2025-03-10 06:40:00
2025-03-10 01:21:19,073 [simulate_environment.py | 140] INFO: Start to update the input of 2025-03-10 06:50:00
2025-03-10 01:21:19,082 [simulate_environment.py | 167] INFO: Get 42 unallocated order items, 79 ongoing order items, 141 completed order items
2025-03-10 01:21:19,086 [simulate_environment.py | 231] INFO: java main_algorithm
2025-03-10 01:21:19,448 [simulate_environment.py | 254] INFO: 2025-03-10 06:50:00, Item 0525160092-1: state = 1 < 2, we can not finish the simulation
2025-03-10 01:21:19,451 [simulate_environment.py | 99] INFO: **************************************************
2025-03-10 01:21:19,451 [simulate_environment.py | 103] INFO: cur time: 2025-03-10 07:00:00, pre time: 2025-03-10 06:50:00
2025-03-10 01:21:19,451 [simulate_environment.py | 140] INFO: Start to update the input of 2025-03-10 07:00:00
2025-03-10 01:21:19,457 [simulate_environment.py | 167] INFO: Get 43 unallocated order items, 70 ongoing order items, 150 completed order items
2025-03-10 01:21:19,461 [simulate_environment.py | 231] INFO: java main_algorithm
2025-03-10 01:21:19,806 [simulate_environment.py | 254] INFO: 2025-03-10 07:00:00, Item 0525160092-1: state = 1 < 2, we can not finish the simulation
2025-03-10 01:21:19,808 [simulate_environment.py | 99] INFO: **************************************************
2025-03-10 01:21:19,809 [simulate_environment.py | 103] INFO: cur time: 2025-03-10 07:10:00, pre time: 2025-03-10 07:00:00
2025-03-10 01:21:19,809 [simulate_environment.py | 140] INFO: Start to update the input of 2025-03-10 07:10:00
2025-03-10 01:21:19,816 [simulate_environment.py | 167] INFO: Get 35 unallocated order items, 52 ongoing order items, 176 completed order items
2025-03-10 01:21:19,820 [simulate_environment.py | 231] INFO: java main_algorithm
2025-03-10 01:21:20,129 [simulate_environment.py | 254] INFO: 2025-03-10 07:10:00, Item 0540570100-1: state = 1 < 2, we can not finish the simulation
2025-03-10 01:21:20,130 [simulate_environment.py | 99] INFO: **************************************************
2025-03-10 01:21:20,131 [simulate_environment.py | 103] INFO: cur time: 2025-03-10 07:20:00, pre time: 2025-03-10 07:10:00
2025-03-10 01:21:20,131 [simulate_environment.py | 140] INFO: Start to update the input of 2025-03-10 07:20:00
2025-03-10 01:21:20,145 [simulate_environment.py | 167] INFO: Get 29 unallocated order items, 52 ongoing order items, 182 completed order items
2025-03-10 01:21:20,150 [simulate_environment.py | 231] INFO: java main_algorithm
2025-03-10 01:21:20,429 [simulate_environment.py | 254] INFO: 2025-03-10 07:20:00, Item 0540570100-1: state = 1 < 2, we can not finish the simulation
2025-03-10 01:21:20,430 [simulate_environment.py | 99] INFO: **************************************************
2025-03-10 01:21:20,431 [simulate_environment.py | 103] INFO: cur time: 2025-03-10 07:30:00, pre time: 2025-03-10 07:20:00
2025-03-10 01:21:20,431 [simulate_environment.py | 140] INFO: Start to update the input of 2025-03-10 07:30:00
2025-03-10 01:21:20,442 [simulate_environment.py | 167] INFO: Get 29 unallocated order items, 37 ongoing order items, 198 completed order items
2025-03-10 01:21:20,444 [simulate_environment.py | 231] INFO: java main_algorithm
2025-03-10 01:21:20,744 [simulate_environment.py | 254] INFO: 2025-03-10 07:30:00, Item 0540570100-1: state = 1 < 2, we can not finish the simulation
2025-03-10 01:21:20,745 [simulate_environment.py | 99] INFO: **************************************************
2025-03-10 01:21:20,745 [simulate_environment.py | 103] INFO: cur time: 2025-03-10 07:40:00, pre time: 2025-03-10 07:30:00
2025-03-10 01:21:20,746 [simulate_environment.py | 140] INFO: Start to update the input of 2025-03-10 07:40:00
2025-03-10 01:21:20,754 [simulate_environment.py | 167] INFO: Get 29 unallocated order items, 37 ongoing order items, 198 completed order items
2025-03-10 01:21:20,756 [simulate_environment.py | 231] INFO: java main_algorithm
2025-03-10 01:21:21,027 [simulate_environment.py | 254] INFO: 2025-03-10 07:40:00, Item 0540570100-1: state = 1 < 2, we can not finish the simulation
2025-03-10 01:21:21,028 [simulate_environment.py | 99] INFO: **************************************************
2025-03-10 01:21:21,029 [simulate_environment.py | 103] INFO: cur time: 2025-03-10 07:50:00, pre time: 2025-03-10 07:40:00
2025-03-10 01:21:21,029 [simulate_environment.py | 140] INFO: Start to update the input of 2025-03-10 07:50:00
2025-03-10 01:21:21,035 [simulate_environment.py | 167] INFO: Get 31 unallocated order items, 38 ongoing order items, 198 completed order items
2025-03-10 01:21:21,038 [simulate_environment.py | 231] INFO: java main_algorithm
2025-03-10 01:21:21,359 [simulate_environment.py | 254] INFO: 2025-03-10 07:50:00, Item 0540570100-1: state = 1 < 2, we can not finish the simulation
2025-03-10 01:21:21,360 [simulate_environment.py | 99] INFO: **************************************************
2025-03-10 01:21:21,361 [simulate_environment.py | 103] INFO: cur time: 2025-03-10 08:00:00, pre time: 2025-03-10 07:50:00
2025-03-10 01:21:21,361 [simulate_environment.py | 140] INFO: Start to update the input of 2025-03-10 08:00:00
2025-03-10 01:21:21,363 [simulate_environment.py | 167] INFO: Get 28 unallocated order items, 39 ongoing order items, 204 completed order items
2025-03-10 01:21:21,366 [simulate_environment.py | 231] INFO: java main_algorithm
2025-03-10 01:21:21,668 [simulate_environment.py | 254] INFO: 2025-03-10 08:00:00, Item 0540570100-1: state = 1 < 2, we can not finish the simulation
2025-03-10 01:21:21,669 [simulate_environment.py | 99] INFO: **************************************************
2025-03-10 01:21:21,670 [simulate_environment.py | 103] INFO: cur time: 2025-03-10 08:10:00, pre time: 2025-03-10 08:00:00
2025-03-10 01:21:21,670 [simulate_environment.py | 140] INFO: Start to update the input of 2025-03-10 08:10:00
2025-03-10 01:21:21,676 [simulate_environment.py | 167] INFO: Get 33 unallocated order items, 39 ongoing order items, 207 completed order items
2025-03-10 01:21:21,680 [simulate_environment.py | 231] INFO: java main_algorithm
2025-03-10 01:21:21,997 [simulate_environment.py | 254] INFO: 2025-03-10 08:10:00, Item 0540570100-1: state = 1 < 2, we can not finish the simulation
2025-03-10 01:21:21,998 [simulate_environment.py | 99] INFO: **************************************************
2025-03-10 01:21:21,999 [simulate_environment.py | 103] INFO: cur time: 2025-03-10 08:20:00, pre time: 2025-03-10 08:10:00
2025-03-10 01:21:21,999 [simulate_environment.py | 140] INFO: Start to update the input of 2025-03-10 08:20:00
2025-03-10 01:21:22,004 [simulate_environment.py | 167] INFO: Get 35 unallocated order items, 39 ongoing order items, 207 completed order items
2025-03-10 01:21:22,007 [simulate_environment.py | 231] INFO: java main_algorithm
2025-03-10 01:21:22,629 [simulate_environment.py | 254] INFO: 2025-03-10 08:20:00, Item 0540570100-1: state = 1 < 2, we can not finish the simulation
2025-03-10 01:21:22,630 [simulate_environment.py | 99] INFO: **************************************************
2025-03-10 01:21:22,630 [simulate_environment.py | 103] INFO: cur time: 2025-03-10 08:30:00, pre time: 2025-03-10 08:20:00
2025-03-10 01:21:22,631 [simulate_environment.py | 140] INFO: Start to update the input of 2025-03-10 08:30:00
2025-03-10 01:21:22,645 [simulate_environment.py | 167] INFO: Get 44 unallocated order items, 32 ongoing order items, 214 completed order items
2025-03-10 01:21:22,649 [simulate_environment.py | 231] INFO: java main_algorithm
2025-03-10 01:21:22,993 [simulate_environment.py | 254] INFO: 2025-03-10 08:30:00, Item 0540570100-1: state = 1 < 2, we can not finish the simulation
2025-03-10 01:21:22,995 [simulate_environment.py | 99] INFO: **************************************************
2025-03-10 01:21:22,996 [simulate_environment.py | 103] INFO: cur time: 2025-03-10 08:40:00, pre time: 2025-03-10 08:30:00
2025-03-10 01:21:22,996 [simulate_environment.py | 140] INFO: Start to update the input of 2025-03-10 08:40:00
2025-03-10 01:21:23,004 [simulate_environment.py | 167] INFO: Get 34 unallocated order items, 42 ongoing order items, 214 completed order items
2025-03-10 01:21:23,007 [simulate_environment.py | 231] INFO: java main_algorithm
2025-03-10 01:21:23,315 [simulate_environment.py | 254] INFO: 2025-03-10 08:40:00, Item 0540570100-1: state = 1 < 2, we can not finish the simulation
2025-03-10 01:21:23,315 [simulate_environment.py | 99] INFO: **************************************************
2025-03-10 01:21:23,317 [simulate_environment.py | 103] INFO: cur time: 2025-03-10 08:50:00, pre time: 2025-03-10 08:40:00
2025-03-10 01:21:23,317 [simulate_environment.py | 140] INFO: Start to update the input of 2025-03-10 08:50:00
2025-03-10 01:21:23,332 [simulate_environment.py | 167] INFO: Get 28 unallocated order items, 41 ongoing order items, 221 completed order items
2025-03-10 01:21:23,335 [simulate_environment.py | 231] INFO: java main_algorithm
2025-03-10 01:21:23,628 [simulate_environment.py | 254] INFO: 2025-03-10 08:50:00, Item 0647140128-1: state = 1 < 2, we can not finish the simulation
2025-03-10 01:21:23,629 [simulate_environment.py | 99] INFO: **************************************************
2025-03-10 01:21:23,630 [simulate_environment.py | 103] INFO: cur time: 2025-03-10 09:00:00, pre time: 2025-03-10 08:50:00
2025-03-10 01:21:23,630 [simulate_environment.py | 140] INFO: Start to update the input of 2025-03-10 09:00:00
2025-03-10 01:21:23,644 [simulate_environment.py | 167] INFO: Get 23 unallocated order items, 39 ongoing order items, 228 completed order items
2025-03-10 01:21:23,647 [simulate_environment.py | 231] INFO: java main_algorithm
2025-03-10 01:21:23,929 [simulate_environment.py | 254] INFO: 2025-03-10 09:00:00, Item 0746180133-1: state = 1 < 2, we can not finish the simulation
2025-03-10 01:21:23,930 [simulate_environment.py | 99] INFO: **************************************************
2025-03-10 01:21:23,931 [simulate_environment.py | 103] INFO: cur time: 2025-03-10 09:10:00, pre time: 2025-03-10 09:00:00
2025-03-10 01:21:23,931 [simulate_environment.py | 140] INFO: Start to update the input of 2025-03-10 09:10:00
2025-03-10 01:21:23,942 [simulate_environment.py | 167] INFO: Get 31 unallocated order items, 30 ongoing order items, 237 completed order items
2025-03-10 01:21:23,945 [simulate_environment.py | 231] INFO: java main_algorithm
2025-03-10 01:21:24,321 [simulate_environment.py | 254] INFO: 2025-03-10 09:10:00, Item 0746180133-1: state = 1 < 2, we can not finish the simulation
2025-03-10 01:21:24,322 [simulate_environment.py | 99] INFO: **************************************************
2025-03-10 01:21:24,322 [simulate_environment.py | 103] INFO: cur time: 2025-03-10 09:20:00, pre time: 2025-03-10 09:10:00
2025-03-10 01:21:24,323 [simulate_environment.py | 140] INFO: Start to update the input of 2025-03-10 09:20:00
2025-03-10 01:21:24,332 [simulate_environment.py | 167] INFO: Get 34 unallocated order items, 30 ongoing order items, 237 completed order items
2025-03-10 01:21:24,335 [simulate_environment.py | 231] INFO: java main_algorithm
2025-03-10 01:21:24,797 [simulate_environment.py | 254] INFO: 2025-03-10 09:20:00, Item 0746180133-1: state = 1 < 2, we can not finish the simulation
2025-03-10 01:21:24,799 [simulate_environment.py | 99] INFO: **************************************************
2025-03-10 01:21:24,799 [simulate_environment.py | 103] INFO: cur time: 2025-03-10 09:30:00, pre time: 2025-03-10 09:20:00
2025-03-10 01:21:24,800 [simulate_environment.py | 140] INFO: Start to update the input of 2025-03-10 09:30:00
2025-03-10 01:21:24,801 [simulate_environment.py | 167] INFO: Get 23 unallocated order items, 34 ongoing order items, 250 completed order items
2025-03-10 01:21:24,804 [simulate_environment.py | 231] INFO: java main_algorithm
2025-03-10 01:21:25,127 [simulate_environment.py | 254] INFO: 2025-03-10 09:30:00, Item 0758180136-1: state = 1 < 2, we can not finish the simulation
2025-03-10 01:21:25,128 [simulate_environment.py | 99] INFO: **************************************************
2025-03-10 01:21:25,129 [simulate_environment.py | 103] INFO: cur time: 2025-03-10 09:40:00, pre time: 2025-03-10 09:30:00
2025-03-10 01:21:25,129 [simulate_environment.py | 140] INFO: Start to update the input of 2025-03-10 09:40:00
2025-03-10 01:21:25,144 [simulate_environment.py | 167] INFO: Get 30 unallocated order items, 34 ongoing order items, 250 completed order items
2025-03-10 01:21:25,147 [simulate_environment.py | 231] INFO: java main_algorithm
2025-03-10 01:21:25,485 [simulate_environment.py | 254] INFO: 2025-03-10 09:40:00, Item 0758180136-1: state = 1 < 2, we can not finish the simulation
2025-03-10 01:21:25,487 [simulate_environment.py | 99] INFO: **************************************************
2025-03-10 01:21:25,488 [simulate_environment.py | 103] INFO: cur time: 2025-03-10 09:50:00, pre time: 2025-03-10 09:40:00
2025-03-10 01:21:25,488 [simulate_environment.py | 140] INFO: Start to update the input of 2025-03-10 09:50:00
2025-03-10 01:21:25,489 [simulate_environment.py | 167] INFO: Get 38 unallocated order items, 33 ongoing order items, 252 completed order items
2025-03-10 01:21:25,491 [simulate_environment.py | 231] INFO: java main_algorithm
2025-03-10 01:21:25,868 [simulate_environment.py | 254] INFO: 2025-03-10 09:50:00, Item 0758180136-1: state = 1 < 2, we can not finish the simulation
2025-03-10 01:21:25,870 [simulate_environment.py | 99] INFO: **************************************************
2025-03-10 01:21:25,871 [simulate_environment.py | 103] INFO: cur time: 2025-03-10 10:00:00, pre time: 2025-03-10 09:50:00
2025-03-10 01:21:25,871 [simulate_environment.py | 140] INFO: Start to update the input of 2025-03-10 10:00:00
2025-03-10 01:21:25,879 [simulate_environment.py | 167] INFO: Get 65 unallocated order items, 24 ongoing order items, 262 completed order items
2025-03-10 01:21:25,882 [simulate_environment.py | 231] INFO: java main_algorithm
2025-03-10 01:21:26,255 [simulate_environment.py | 254] INFO: 2025-03-10 10:00:00, Item 0758180136-1: state = 1 < 2, we can not finish the simulation
2025-03-10 01:21:26,258 [simulate_environment.py | 99] INFO: **************************************************
2025-03-10 01:21:26,258 [simulate_environment.py | 103] INFO: cur time: 2025-03-10 10:10:00, pre time: 2025-03-10 10:00:00
2025-03-10 01:21:26,258 [simulate_environment.py | 140] INFO: Start to update the input of 2025-03-10 10:10:00
2025-03-10 01:21:26,269 [simulate_environment.py | 167] INFO: Get 53 unallocated order items, 38 ongoing order items, 262 completed order items
2025-03-10 01:21:26,272 [simulate_environment.py | 231] INFO: java main_algorithm
2025-03-10 01:21:26,732 [simulate_environment.py | 254] INFO: 2025-03-10 10:10:00, Item 0758250138-1: state = 1 < 2, we can not finish the simulation
2025-03-10 01:21:26,733 [simulate_environment.py | 99] INFO: **************************************************
2025-03-10 01:21:26,733 [simulate_environment.py | 103] INFO: cur time: 2025-03-10 10:20:00, pre time: 2025-03-10 10:10:00
2025-03-10 01:21:26,734 [simulate_environment.py | 140] INFO: Start to update the input of 2025-03-10 10:20:00
2025-03-10 01:21:26,738 [simulate_environment.py | 167] INFO: Get 47 unallocated order items, 48 ongoing order items, 262 completed order items
2025-03-10 01:21:26,743 [simulate_environment.py | 231] INFO: java main_algorithm
2025-03-10 01:21:27,221 [simulate_environment.py | 254] INFO: 2025-03-10 10:20:00, Item 0807160142-1: state = 1 < 2, we can not finish the simulation
2025-03-10 01:21:27,223 [simulate_environment.py | 99] INFO: **************************************************
2025-03-10 01:21:27,223 [simulate_environment.py | 103] INFO: cur time: 2025-03-10 10:30:00, pre time: 2025-03-10 10:20:00
2025-03-10 01:21:27,223 [simulate_environment.py | 140] INFO: Start to update the input of 2025-03-10 10:30:00
2025-03-10 01:21:27,238 [simulate_environment.py | 167] INFO: Get 56 unallocated order items, 50 ongoing order items, 262 completed order items
2025-03-10 01:21:27,242 [simulate_environment.py | 231] INFO: java main_algorithm
2025-03-10 01:21:28,738 [simulate_environment.py | 254] INFO: 2025-03-10 10:30:00, Item 0810350143-1: state = 1 < 2, we can not finish the simulation
2025-03-10 01:21:28,739 [simulate_environment.py | 99] INFO: **************************************************
2025-03-10 01:21:28,740 [simulate_environment.py | 103] INFO: cur time: 2025-03-10 10:40:00, pre time: 2025-03-10 10:30:00
2025-03-10 01:21:28,740 [simulate_environment.py | 140] INFO: Start to update the input of 2025-03-10 10:40:00
2025-03-10 01:21:28,754 [simulate_environment.py | 167] INFO: Get 53 unallocated order items, 51 ongoing order items, 268 completed order items
2025-03-10 01:21:28,758 [simulate_environment.py | 231] INFO: java main_algorithm
2025-03-10 01:21:29,111 [simulate_environment.py | 254] INFO: 2025-03-10 10:40:00, Item 0810350143-1: state = 1 < 2, we can not finish the simulation
2025-03-10 01:21:29,113 [simulate_environment.py | 99] INFO: **************************************************
2025-03-10 01:21:29,113 [simulate_environment.py | 103] INFO: cur time: 2025-03-10 10:50:00, pre time: 2025-03-10 10:40:00
2025-03-10 01:21:29,113 [simulate_environment.py | 140] INFO: Start to update the input of 2025-03-10 10:50:00
2025-03-10 01:21:29,130 [simulate_environment.py | 167] INFO: Get 53 unallocated order items, 45 ongoing order items, 282 completed order items
2025-03-10 01:21:29,134 [simulate_environment.py | 231] INFO: java main_algorithm
2025-03-10 01:21:29,503 [simulate_environment.py | 254] INFO: 2025-03-10 10:50:00, Item 0922450155-1: state = 1 < 2, we can not finish the simulation
2025-03-10 01:21:29,506 [simulate_environment.py | 99] INFO: **************************************************
2025-03-10 01:21:29,507 [simulate_environment.py | 103] INFO: cur time: 2025-03-10 11:00:00, pre time: 2025-03-10 10:50:00
2025-03-10 01:21:29,507 [simulate_environment.py | 140] INFO: Start to update the input of 2025-03-10 11:00:00
2025-03-10 01:21:29,520 [simulate_environment.py | 167] INFO: Get 69 unallocated order items, 47 ongoing order items, 282 completed order items
2025-03-10 01:21:29,525 [simulate_environment.py | 231] INFO: java main_algorithm
2025-03-10 01:21:29,903 [simulate_environment.py | 254] INFO: 2025-03-10 11:00:00, Item 0928230159-1: state = 1 < 2, we can not finish the simulation
2025-03-10 01:21:29,905 [simulate_environment.py | 99] INFO: **************************************************
2025-03-10 01:21:29,905 [simulate_environment.py | 103] INFO: cur time: 2025-03-10 11:10:00, pre time: 2025-03-10 11:00:00
2025-03-10 01:21:29,905 [simulate_environment.py | 140] INFO: Start to update the input of 2025-03-10 11:10:00
2025-03-10 01:21:29,910 [simulate_environment.py | 167] INFO: Get 100 unallocated order items, 71 ongoing order items, 282 completed order items
2025-03-10 01:21:29,915 [simulate_environment.py | 231] INFO: java main_algorithm
2025-03-10 01:21:30,721 [simulate_environment.py | 254] INFO: 2025-03-10 11:10:00, Item 0928230159-1: state = 1 < 2, we can not finish the simulation
2025-03-10 01:21:30,723 [simulate_environment.py | 99] INFO: **************************************************
2025-03-10 01:21:30,723 [simulate_environment.py | 103] INFO: cur time: 2025-03-10 11:20:00, pre time: 2025-03-10 11:10:00
2025-03-10 01:21:30,723 [simulate_environment.py | 140] INFO: Start to update the input of 2025-03-10 11:20:00
2025-03-10 01:21:30,738 [simulate_environment.py | 167] INFO: Get 93 unallocated order items, 83 ongoing order items, 285 completed order items
2025-03-10 01:21:30,743 [simulate_environment.py | 231] INFO: java main_algorithm
2025-03-10 01:21:31,664 [simulate_environment.py | 254] INFO: 2025-03-10 11:20:00, Item 0942330167-1: state = 1 < 2, we can not finish the simulation
2025-03-10 01:21:31,666 [simulate_environment.py | 99] INFO: **************************************************
2025-03-10 01:21:31,666 [simulate_environment.py | 103] INFO: cur time: 2025-03-10 11:30:00, pre time: 2025-03-10 11:20:00
2025-03-10 01:21:31,666 [simulate_environment.py | 140] INFO: Start to update the input of 2025-03-10 11:30:00
2025-03-10 01:21:31,676 [simulate_environment.py | 167] INFO: Get 109 unallocated order items, 91 ongoing order items, 287 completed order items
2025-03-10 01:21:31,681 [simulate_environment.py | 231] INFO: java main_algorithm
2025-03-10 01:21:32,576 [simulate_environment.py | 254] INFO: 2025-03-10 11:30:00, Item 0942330167-1: state = 1 < 2, we can not finish the simulation
2025-03-10 01:21:32,578 [simulate_environment.py | 99] INFO: **************************************************
2025-03-10 01:21:32,578 [simulate_environment.py | 103] INFO: cur time: 2025-03-10 11:40:00, pre time: 2025-03-10 11:30:00
2025-03-10 01:21:32,579 [simulate_environment.py | 140] INFO: Start to update the input of 2025-03-10 11:40:00
2025-03-10 01:21:32,582 [simulate_environment.py | 167] INFO: Get 102 unallocated order items, 101 ongoing order items, 300 completed order items
2025-03-10 01:21:32,588 [simulate_environment.py | 231] INFO: java main_algorithm
2025-03-10 01:30:32,760 [simulate_environment.py | 254] INFO: 2025-03-10 11:40:00, Item 0942330167-1: state = 1 < 2, we can not finish the simulation
2025-03-10 01:30:32,762 [simulate_environment.py | 99] INFO: **************************************************
2025-03-10 01:30:32,763 [simulate_environment.py | 103] INFO: cur time: 2025-03-10 11:50:00, pre time: 2025-03-10 11:40:00
2025-03-10 01:30:32,763 [simulate_environment.py | 140] INFO: Start to update the input of 2025-03-10 11:50:00
2025-03-10 01:30:32,770 [simulate_environment.py | 167] INFO: Get 105 unallocated order items, 107 ongoing order items, 301 completed order items
2025-03-10 01:30:32,779 [simulate_environment.py | 231] INFO: java main_algorithm
2025-03-10 01:39:32,927 [simulate_environment.py | 254] INFO: 2025-03-10 11:50:00, Item 1019320180-1: state = 1 < 2, we can not finish the simulation
2025-03-10 01:39:32,929 [simulate_environment.py | 99] INFO: **************************************************
2025-03-10 01:39:32,930 [simulate_environment.py | 103] INFO: cur time: 2025-03-10 12:00:00, pre time: 2025-03-10 11:50:00
2025-03-10 01:39:32,930 [simulate_environment.py | 140] INFO: Start to update the input of 2025-03-10 12:00:00
2025-03-10 01:39:32,941 [simulate_environment.py | 167] INFO: Get 112 unallocated order items, 97 ongoing order items, 311 completed order items
2025-03-10 01:39:32,947 [simulate_environment.py | 231] INFO: java main_algorithm
2025-03-10 01:39:34,311 [simulate_environment.py | 254] INFO: 2025-03-10 12:00:00, Item 1019320180-1: state = 1 < 2, we can not finish the simulation
2025-03-10 01:39:34,314 [simulate_environment.py | 99] INFO: **************************************************
2025-03-10 01:39:34,314 [simulate_environment.py | 103] INFO: cur time: 2025-03-10 12:10:00, pre time: 2025-03-10 12:00:00
2025-03-10 01:39:34,314 [simulate_environment.py | 140] INFO: Start to update the input of 2025-03-10 12:10:00
2025-03-10 01:39:34,317 [simulate_environment.py | 167] INFO: Get 121 unallocated order items, 92 ongoing order items, 318 completed order items
2025-03-10 01:39:34,323 [simulate_environment.py | 231] INFO: java main_algorithm
2025-03-10 01:39:34,734 [simulate_environment.py | 254] INFO: 2025-03-10 12:10:00, Item 1019320180-1: state = 1 < 2, we can not finish the simulation
2025-03-10 01:39:34,736 [simulate_environment.py | 99] INFO: **************************************************
2025-03-10 01:39:34,736 [simulate_environment.py | 103] INFO: cur time: 2025-03-10 12:20:00, pre time: 2025-03-10 12:10:00
2025-03-10 01:39:34,738 [simulate_environment.py | 140] INFO: Start to update the input of 2025-03-10 12:20:00
2025-03-10 01:39:34,738 [simulate_environment.py | 167] INFO: Get 123 unallocated order items, 80 ongoing order items, 333 completed order items
2025-03-10 01:39:34,743 [simulate_environment.py | 231] INFO: java main_algorithm
2025-03-10 01:39:35,155 [simulate_environment.py | 254] INFO: 2025-03-10 12:20:00, Item 1019320180-1: state = 1 < 2, we can not finish the simulation
2025-03-10 01:39:35,157 [simulate_environment.py | 99] INFO: **************************************************
2025-03-10 01:39:35,158 [simulate_environment.py | 103] INFO: cur time: 2025-03-10 12:30:00, pre time: 2025-03-10 12:20:00
2025-03-10 01:39:35,158 [simulate_environment.py | 140] INFO: Start to update the input of 2025-03-10 12:30:00
2025-03-10 01:39:35,160 [simulate_environment.py | 167] INFO: Get 95 unallocated order items, 98 ongoing order items, 343 completed order items
2025-03-10 01:39:35,166 [simulate_environment.py | 231] INFO: java main_algorithm
2025-03-10 01:39:35,513 [simulate_environment.py | 254] INFO: 2025-03-10 12:30:00, Item 1027210187-1: state = 1 < 2, we can not finish the simulation
2025-03-10 01:39:35,514 [simulate_environment.py | 99] INFO: **************************************************
2025-03-10 01:39:35,514 [simulate_environment.py | 103] INFO: cur time: 2025-03-10 12:40:00, pre time: 2025-03-10 12:30:00
2025-03-10 01:39:35,515 [simulate_environment.py | 140] INFO: Start to update the input of 2025-03-10 12:40:00
2025-03-10 01:39:35,520 [simulate_environment.py | 167] INFO: Get 95 unallocated order items, 96 ongoing order items, 345 completed order items
2025-03-10 01:39:35,526 [simulate_environment.py | 231] INFO: java main_algorithm
2025-03-10 01:39:35,875 [simulate_environment.py | 254] INFO: 2025-03-10 12:40:00, Item 1027210187-1: state = 1 < 2, we can not finish the simulation
2025-03-10 01:39:35,878 [simulate_environment.py | 99] INFO: **************************************************
2025-03-10 01:39:35,878 [simulate_environment.py | 103] INFO: cur time: 2025-03-10 12:50:00, pre time: 2025-03-10 12:40:00
2025-03-10 01:39:35,879 [simulate_environment.py | 140] INFO: Start to update the input of 2025-03-10 12:50:00
2025-03-10 01:39:35,895 [simulate_environment.py | 167] INFO: Get 81 unallocated order items, 110 ongoing order items, 346 completed order items
2025-03-10 01:39:35,901 [simulate_environment.py | 231] INFO: java main_algorithm
2025-03-10 01:39:36,247 [simulate_environment.py | 254] INFO: 2025-03-10 12:50:00, Item 1027210187-1: state = 1 < 2, we can not finish the simulation
2025-03-10 01:39:36,249 [simulate_environment.py | 99] INFO: **************************************************
2025-03-10 01:39:36,250 [simulate_environment.py | 103] INFO: cur time: 2025-03-10 13:00:00, pre time: 2025-03-10 12:50:00
2025-03-10 01:39:36,250 [simulate_environment.py | 140] INFO: Start to update the input of 2025-03-10 13:00:00
2025-03-10 01:39:36,254 [simulate_environment.py | 167] INFO: Get 80 unallocated order items, 109 ongoing order items, 350 completed order items
2025-03-10 01:39:36,260 [simulate_environment.py | 231] INFO: java main_algorithm
2025-03-10 01:39:36,649 [simulate_environment.py | 254] INFO: 2025-03-10 13:00:00, Item 1027210187-1: state = 1 < 2, we can not finish the simulation
2025-03-10 01:39:36,650 [simulate_environment.py | 99] INFO: **************************************************
2025-03-10 01:39:36,651 [simulate_environment.py | 103] INFO: cur time: 2025-03-10 13:10:00, pre time: 2025-03-10 13:00:00
2025-03-10 01:39:36,651 [simulate_environment.py | 140] INFO: Start to update the input of 2025-03-10 13:10:00
2025-03-10 01:39:36,660 [simulate_environment.py | 167] INFO: Get 83 unallocated order items, 103 ongoing order items, 360 completed order items
2025-03-10 01:39:36,665 [simulate_environment.py | 231] INFO: java main_algorithm
2025-03-10 01:39:36,990 [simulate_environment.py | 254] INFO: 2025-03-10 13:10:00, Item 1027210187-1: state = 1 < 2, we can not finish the simulation
2025-03-10 01:39:36,991 [simulate_environment.py | 99] INFO: **************************************************
2025-03-10 01:39:36,992 [simulate_environment.py | 103] INFO: cur time: 2025-03-10 13:20:00, pre time: 2025-03-10 13:10:00
2025-03-10 01:39:36,993 [simulate_environment.py | 140] INFO: Start to update the input of 2025-03-10 13:20:00
2025-03-10 01:39:37,004 [simulate_environment.py | 167] INFO: Get 64 unallocated order items, 116 ongoing order items, 366 completed order items
2025-03-10 01:39:37,010 [simulate_environment.py | 231] INFO: java main_algorithm
2025-03-10 01:39:37,326 [simulate_environment.py | 254] INFO: 2025-03-10 13:20:00, Item 1027210187-1: state = 1 < 2, we can not finish the simulation
2025-03-10 01:39:37,328 [simulate_environment.py | 99] INFO: **************************************************
2025-03-10 01:39:37,328 [simulate_environment.py | 103] INFO: cur time: 2025-03-10 13:30:00, pre time: 2025-03-10 13:20:00
2025-03-10 01:39:37,328 [simulate_environment.py | 140] INFO: Start to update the input of 2025-03-10 13:30:00
2025-03-10 01:39:37,332 [simulate_environment.py | 167] INFO: Get 45 unallocated order items, 134 ongoing order items, 371 completed order items
2025-03-10 01:39:37,338 [simulate_environment.py | 231] INFO: java main_algorithm
2025-03-10 01:39:37,695 [simulate_environment.py | 254] INFO: 2025-03-10 13:30:00, Item 1027210187-1: state = 1 < 2, we can not finish the simulation
2025-03-10 01:39:37,698 [simulate_environment.py | 99] INFO: **************************************************
2025-03-10 01:39:37,698 [simulate_environment.py | 103] INFO: cur time: 2025-03-10 13:40:00, pre time: 2025-03-10 13:30:00
2025-03-10 01:39:37,699 [simulate_environment.py | 140] INFO: Start to update the input of 2025-03-10 13:40:00
2025-03-10 01:39:37,708 [simulate_environment.py | 167] INFO: Get 31 unallocated order items, 120 ongoing order items, 400 completed order items
2025-03-10 01:39:37,713 [simulate_environment.py | 231] INFO: java main_algorithm
2025-03-10 01:39:38,003 [simulate_environment.py | 254] INFO: 2025-03-10 13:40:00, Item 1137120219-1: state = 1 < 2, we can not finish the simulation
2025-03-10 01:39:38,004 [simulate_environment.py | 99] INFO: **************************************************
2025-03-10 01:39:38,005 [simulate_environment.py | 103] INFO: cur time: 2025-03-10 13:50:00, pre time: 2025-03-10 13:40:00
2025-03-10 01:39:38,005 [simulate_environment.py | 140] INFO: Start to update the input of 2025-03-10 13:50:00
2025-03-10 01:39:38,019 [simulate_environment.py | 167] INFO: Get 33 unallocated order items, 120 ongoing order items, 400 completed order items
2025-03-10 01:39:38,025 [simulate_environment.py | 231] INFO: java main_algorithm
2025-03-10 01:39:38,354 [simulate_environment.py | 254] INFO: 2025-03-10 13:50:00, Item 1137120219-1: state = 1 < 2, we can not finish the simulation
2025-03-10 01:39:38,355 [simulate_environment.py | 99] INFO: **************************************************
2025-03-10 01:39:38,357 [simulate_environment.py | 103] INFO: cur time: 2025-03-10 14:00:00, pre time: 2025-03-10 13:50:00
2025-03-10 01:39:38,357 [simulate_environment.py | 140] INFO: Start to update the input of 2025-03-10 14:00:00
2025-03-10 01:39:38,378 [simulate_environment.py | 167] INFO: Get 20 unallocated order items, 105 ongoing order items, 433 completed order items
2025-03-10 01:39:38,383 [simulate_environment.py | 231] INFO: java main_algorithm
2025-03-10 01:39:38,705 [simulate_environment.py | 254] INFO: 2025-03-10 14:00:00, Item 1137120219-1: state = 1 < 2, we can not finish the simulation
2025-03-10 01:39:38,706 [simulate_environment.py | 99] INFO: **************************************************
2025-03-10 01:39:38,707 [simulate_environment.py | 103] INFO: cur time: 2025-03-10 14:10:00, pre time: 2025-03-10 14:00:00
2025-03-10 01:39:38,707 [simulate_environment.py | 140] INFO: Start to update the input of 2025-03-10 14:10:00
2025-03-10 01:39:38,723 [simulate_environment.py | 167] INFO: Get 29 unallocated order items, 104 ongoing order items, 434 completed order items
2025-03-10 01:39:38,729 [simulate_environment.py | 231] INFO: java main_algorithm
2025-03-10 01:39:39,139 [simulate_environment.py | 254] INFO: 2025-03-10 14:10:00, Item 1137120219-1: state = 1 < 2, we can not finish the simulation
2025-03-10 01:39:39,142 [simulate_environment.py | 99] INFO: **************************************************
2025-03-10 01:39:39,142 [simulate_environment.py | 103] INFO: cur time: 2025-03-10 14:20:00, pre time: 2025-03-10 14:10:00
2025-03-10 01:39:39,143 [simulate_environment.py | 140] INFO: Start to update the input of 2025-03-10 14:20:00
2025-03-10 01:39:39,144 [simulate_environment.py | 167] INFO: Get 38 unallocated order items, 89 ongoing order items, 453 completed order items
2025-03-10 01:39:39,149 [simulate_environment.py | 231] INFO: java main_algorithm
2025-03-10 01:39:39,545 [simulate_environment.py | 254] INFO: 2025-03-10 14:20:00, Item 1143420220-1: state = 1 < 2, we can not finish the simulation
2025-03-10 01:39:39,547 [simulate_environment.py | 99] INFO: **************************************************
2025-03-10 01:39:39,548 [simulate_environment.py | 103] INFO: cur time: 2025-03-10 14:30:00, pre time: 2025-03-10 14:20:00
2025-03-10 01:39:39,548 [simulate_environment.py | 140] INFO: Start to update the input of 2025-03-10 14:30:00
2025-03-10 01:39:39,551 [simulate_environment.py | 167] INFO: Get 49 unallocated order items, 89 ongoing order items, 453 completed order items
2025-03-10 01:39:39,556 [simulate_environment.py | 231] INFO: java main_algorithm
2025-03-10 01:39:40,680 [simulate_environment.py | 254] INFO: 2025-03-10 14:30:00, Item 1143420220-1: state = 1 < 2, we can not finish the simulation
2025-03-10 01:39:40,682 [simulate_environment.py | 99] INFO: **************************************************
2025-03-10 01:39:40,682 [simulate_environment.py | 103] INFO: cur time: 2025-03-10 14:40:00, pre time: 2025-03-10 14:30:00
2025-03-10 01:39:40,682 [simulate_environment.py | 140] INFO: Start to update the input of 2025-03-10 14:40:00
2025-03-10 01:39:40,691 [simulate_environment.py | 167] INFO: Get 53 unallocated order items, 94 ongoing order items, 456 completed order items
2025-03-10 01:39:40,696 [simulate_environment.py | 231] INFO: java main_algorithm
2025-03-10 01:39:41,091 [simulate_environment.py | 254] INFO: 2025-03-10 14:40:00, Item 1143420220-1: state = 1 < 2, we can not finish the simulation
2025-03-10 01:39:41,093 [simulate_environment.py | 99] INFO: **************************************************
2025-03-10 01:39:41,093 [simulate_environment.py | 103] INFO: cur time: 2025-03-10 14:50:00, pre time: 2025-03-10 14:40:00
2025-03-10 01:39:41,094 [simulate_environment.py | 140] INFO: Start to update the input of 2025-03-10 14:50:00
2025-03-10 01:39:41,098 [simulate_environment.py | 167] INFO: Get 72 unallocated order items, 81 ongoing order items, 474 completed order items
2025-03-10 01:39:41,103 [simulate_environment.py | 231] INFO: java main_algorithm
2025-03-10 01:39:41,565 [simulate_environment.py | 254] INFO: 2025-03-10 14:50:00, Item 1143420220-1: state = 1 < 2, we can not finish the simulation
2025-03-10 01:39:41,566 [simulate_environment.py | 99] INFO: **************************************************
2025-03-10 01:39:41,568 [simulate_environment.py | 103] INFO: cur time: 2025-03-10 15:00:00, pre time: 2025-03-10 14:50:00
2025-03-10 01:39:41,568 [simulate_environment.py | 140] INFO: Start to update the input of 2025-03-10 15:00:00
2025-03-10 01:39:41,582 [simulate_environment.py | 167] INFO: Get 79 unallocated order items, 56 ongoing order items, 505 completed order items
2025-03-10 01:39:41,587 [simulate_environment.py | 231] INFO: java main_algorithm
2025-03-10 01:39:42,139 [simulate_environment.py | 254] INFO: 2025-03-10 15:00:00, Item 1328340234-1: state = 1 < 2, we can not finish the simulation
2025-03-10 01:39:42,141 [simulate_environment.py | 99] INFO: **************************************************
2025-03-10 01:39:42,142 [simulate_environment.py | 103] INFO: cur time: 2025-03-10 15:10:00, pre time: 2025-03-10 15:00:00
2025-03-10 01:39:42,142 [simulate_environment.py | 140] INFO: Start to update the input of 2025-03-10 15:10:00
2025-03-10 01:39:42,145 [simulate_environment.py | 167] INFO: Get 121 unallocated order items, 51 ongoing order items, 510 completed order items
2025-03-10 01:39:42,150 [simulate_environment.py | 231] INFO: java main_algorithm
2025-03-10 01:39:42,818 [simulate_environment.py | 254] INFO: 2025-03-10 15:10:00, Item 1328340234-1: state = 1 < 2, we can not finish the simulation
2025-03-10 01:39:42,820 [simulate_environment.py | 99] INFO: **************************************************
2025-03-10 01:39:42,821 [simulate_environment.py | 103] INFO: cur time: 2025-03-10 15:20:00, pre time: 2025-03-10 15:10:00
2025-03-10 01:39:42,821 [simulate_environment.py | 140] INFO: Start to update the input of 2025-03-10 15:20:00
2025-03-10 01:39:42,832 [simulate_environment.py | 167] INFO: Get 131 unallocated order items, 28 ongoing order items, 534 completed order items
2025-03-10 01:39:42,837 [simulate_environment.py | 231] INFO: java main_algorithm
2025-03-10 01:48:43,016 [simulate_environment.py | 254] INFO: 2025-03-10 15:20:00, Item 1328340234-1: state = 1 < 2, we can not finish the simulation
2025-03-10 01:48:43,017 [simulate_environment.py | 99] INFO: **************************************************
2025-03-10 01:48:43,018 [simulate_environment.py | 103] INFO: cur time: 2025-03-10 15:30:00, pre time: 2025-03-10 15:20:00
2025-03-10 01:48:43,018 [simulate_environment.py | 140] INFO: Start to update the input of 2025-03-10 15:30:00
2025-03-10 01:48:43,019 [simulate_environment.py | 167] INFO: Get 129 unallocated order items, 33 ongoing order items, 536 completed order items
2025-03-10 01:48:43,023 [simulate_environment.py | 231] INFO: java main_algorithm
2025-03-10 01:48:44,049 [simulate_environment.py | 254] INFO: 2025-03-10 15:30:00, Item 1328340234-1: state = 1 < 2, we can not finish the simulation
2025-03-10 01:48:44,051 [simulate_environment.py | 99] INFO: **************************************************
2025-03-10 01:48:44,052 [simulate_environment.py | 103] INFO: cur time: 2025-03-10 15:40:00, pre time: 2025-03-10 15:30:00
2025-03-10 01:48:44,052 [simulate_environment.py | 140] INFO: Start to update the input of 2025-03-10 15:40:00
2025-03-10 01:48:44,066 [simulate_environment.py | 167] INFO: Get 126 unallocated order items, 33 ongoing order items, 542 completed order items
2025-03-10 01:48:44,071 [simulate_environment.py | 231] INFO: java main_algorithm
2025-03-10 01:48:44,949 [simulate_environment.py | 254] INFO: 2025-03-10 15:40:00, Item 1359140241-1: state = 1 < 2, we can not finish the simulation
2025-03-10 01:48:44,951 [simulate_environment.py | 99] INFO: **************************************************
2025-03-10 01:48:44,951 [simulate_environment.py | 103] INFO: cur time: 2025-03-10 15:50:00, pre time: 2025-03-10 15:40:00
2025-03-10 01:48:44,951 [simulate_environment.py | 140] INFO: Start to update the input of 2025-03-10 15:50:00
2025-03-10 01:48:44,957 [simulate_environment.py | 167] INFO: Get 119 unallocated order items, 39 ongoing order items, 543 completed order items
2025-03-10 01:48:44,962 [simulate_environment.py | 231] INFO: java main_algorithm
2025-03-10 01:48:45,393 [simulate_environment.py | 254] INFO: 2025-03-10 15:50:00, Item 1359140241-1: state = 1 < 2, we can not finish the simulation
2025-03-10 01:48:45,395 [simulate_environment.py | 99] INFO: **************************************************
2025-03-10 01:48:45,396 [simulate_environment.py | 103] INFO: cur time: 2025-03-10 16:00:00, pre time: 2025-03-10 15:50:00
2025-03-10 01:48:45,396 [simulate_environment.py | 140] INFO: Start to update the input of 2025-03-10 16:00:00
2025-03-10 01:48:45,410 [simulate_environment.py | 167] INFO: Get 131 unallocated order items, 47 ongoing order items, 545 completed order items
2025-03-10 01:48:45,415 [simulate_environment.py | 231] INFO: java main_algorithm
2025-03-10 01:57:45,571 [simulate_environment.py | 254] INFO: 2025-03-10 16:00:00, Item 1359140241-1: state = 1 < 2, we can not finish the simulation
2025-03-10 01:57:45,571 [simulate_environment.py | 99] INFO: **************************************************
2025-03-10 01:57:45,572 [simulate_environment.py | 103] INFO: cur time: 2025-03-10 16:10:00, pre time: 2025-03-10 16:00:00
2025-03-10 01:57:45,572 [simulate_environment.py | 140] INFO: Start to update the input of 2025-03-10 16:10:00
2025-03-10 01:57:45,582 [simulate_environment.py | 167] INFO: Get 109 unallocated order items, 80 ongoing order items, 546 completed order items
2025-03-10 01:57:45,588 [simulate_environment.py | 231] INFO: java main_algorithm
2025-03-10 01:57:47,174 [simulate_environment.py | 254] INFO: 2025-03-10 16:10:00, Item 1410450248-1: state = 1 < 2, we can not finish the simulation
2025-03-10 01:57:47,174 [simulate_environment.py | 99] INFO: **************************************************
2025-03-10 01:57:47,175 [simulate_environment.py | 103] INFO: cur time: 2025-03-10 16:20:00, pre time: 2025-03-10 16:10:00
2025-03-10 01:57:47,175 [simulate_environment.py | 140] INFO: Start to update the input of 2025-03-10 16:20:00
2025-03-10 01:57:47,176 [simulate_environment.py | 167] INFO: Get 110 unallocated order items, 89 ongoing order items, 551 completed order items
2025-03-10 01:57:47,181 [simulate_environment.py | 231] INFO: java main_algorithm
2025-03-10 01:57:47,955 [simulate_environment.py | 254] INFO: 2025-03-10 16:20:00, Item 1410450248-1: state = 1 < 2, we can not finish the simulation
2025-03-10 01:57:47,958 [simulate_environment.py | 99] INFO: **************************************************
2025-03-10 01:57:47,959 [simulate_environment.py | 103] INFO: cur time: 2025-03-10 16:30:00, pre time: 2025-03-10 16:20:00
2025-03-10 01:57:47,959 [simulate_environment.py | 140] INFO: Start to update the input of 2025-03-10 16:30:00
2025-03-10 01:57:47,974 [simulate_environment.py | 167] INFO: Get 116 unallocated order items, 110 ongoing order items, 551 completed order items
2025-03-10 01:57:47,979 [simulate_environment.py | 231] INFO: java main_algorithm
2025-03-10 01:57:48,999 [simulate_environment.py | 254] INFO: 2025-03-10 16:30:00, Item 1410450248-1: state = 1 < 2, we can not finish the simulation
2025-03-10 01:57:49,002 [simulate_environment.py | 99] INFO: **************************************************
2025-03-10 01:57:49,003 [simulate_environment.py | 103] INFO: cur time: 2025-03-10 16:40:00, pre time: 2025-03-10 16:30:00
2025-03-10 01:57:49,003 [simulate_environment.py | 140] INFO: Start to update the input of 2025-03-10 16:40:00
2025-03-10 01:57:49,005 [simulate_environment.py | 167] INFO: Get 100 unallocated order items, 135 ongoing order items, 553 completed order items
2025-03-10 01:57:49,011 [simulate_environment.py | 231] INFO: java main_algorithm
2025-03-10 02:06:49,242 [simulate_environment.py | 254] INFO: 2025-03-10 16:40:00, Item 1432460259-1: state = 1 < 2, we can not finish the simulation
2025-03-10 02:06:49,244 [simulate_environment.py | 99] INFO: **************************************************
2025-03-10 02:06:49,244 [simulate_environment.py | 103] INFO: cur time: 2025-03-10 16:50:00, pre time: 2025-03-10 16:40:00
2025-03-10 02:06:49,245 [simulate_environment.py | 140] INFO: Start to update the input of 2025-03-10 16:50:00
2025-03-10 02:06:49,254 [simulate_environment.py | 167] INFO: Get 96 unallocated order items, 146 ongoing order items, 556 completed order items
2025-03-10 02:06:49,260 [simulate_environment.py | 231] INFO: java main_algorithm
2025-03-10 02:06:51,275 [simulate_environment.py | 254] INFO: 2025-03-10 16:50:00, Item 1432460259-1: state = 1 < 2, we can not finish the simulation
2025-03-10 02:06:51,277 [simulate_environment.py | 99] INFO: **************************************************
2025-03-10 02:06:51,278 [simulate_environment.py | 103] INFO: cur time: 2025-03-10 17:00:00, pre time: 2025-03-10 16:50:00
2025-03-10 02:06:51,278 [simulate_environment.py | 140] INFO: Start to update the input of 2025-03-10 17:00:00
2025-03-10 02:06:51,285 [simulate_environment.py | 167] INFO: Get 79 unallocated order items, 171 ongoing order items, 558 completed order items
2025-03-10 02:06:51,292 [simulate_environment.py | 231] INFO: java main_algorithm
2025-03-10 02:06:51,999 [simulate_environment.py | 254] INFO: 2025-03-10 17:00:00, Item 1507200283-16: state = 1 < 2, we can not finish the simulation
2025-03-10 02:06:52,002 [simulate_environment.py | 99] INFO: **************************************************
2025-03-10 02:06:52,003 [simulate_environment.py | 103] INFO: cur time: 2025-03-10 17:10:00, pre time: 2025-03-10 17:00:00
2025-03-10 02:06:52,003 [simulate_environment.py | 140] INFO: Start to update the input of 2025-03-10 17:10:00
2025-03-10 02:06:52,004 [simulate_environment.py | 167] INFO: Get 85 unallocated order items, 147 ongoing order items, 582 completed order items
2025-03-10 02:06:52,010 [simulate_environment.py | 231] INFO: java main_algorithm
2025-03-10 02:06:53,514 [simulate_environment.py | 254] INFO: 2025-03-10 17:10:00, Item 1507200283-16: state = 1 < 2, we can not finish the simulation
2025-03-10 02:06:53,517 [simulate_environment.py | 99] INFO: **************************************************
2025-03-10 02:06:53,517 [simulate_environment.py | 103] INFO: cur time: 2025-03-10 17:20:00, pre time: 2025-03-10 17:10:00
2025-03-10 02:06:53,517 [simulate_environment.py | 140] INFO: Start to update the input of 2025-03-10 17:20:00
2025-03-10 02:06:53,519 [simulate_environment.py | 167] INFO: Get 97 unallocated order items, 140 ongoing order items, 593 completed order items
2025-03-10 02:06:53,525 [simulate_environment.py | 231] INFO: java main_algorithm
2025-03-10 02:06:55,353 [simulate_environment.py | 254] INFO: 2025-03-10 17:20:00, Item 1507200283-16: state = 1 < 2, we can not finish the simulation
2025-03-10 02:06:55,356 [simulate_environment.py | 99] INFO: **************************************************
2025-03-10 02:06:55,356 [simulate_environment.py | 103] INFO: cur time: 2025-03-10 17:30:00, pre time: 2025-03-10 17:20:00
2025-03-10 02:06:55,357 [simulate_environment.py | 140] INFO: Start to update the input of 2025-03-10 17:30:00
2025-03-10 02:06:55,363 [simulate_environment.py | 167] INFO: Get 103 unallocated order items, 149 ongoing order items, 599 completed order items
2025-03-10 02:06:55,370 [simulate_environment.py | 231] INFO: java main_algorithm
2025-03-10 02:06:56,284 [simulate_environment.py | 254] INFO: 2025-03-10 17:30:00, Item 1507200283-16: state = 1 < 2, we can not finish the simulation
2025-03-10 02:06:56,287 [simulate_environment.py | 99] INFO: **************************************************
2025-03-10 02:06:56,287 [simulate_environment.py | 103] INFO: cur time: 2025-03-10 17:40:00, pre time: 2025-03-10 17:30:00
2025-03-10 02:06:56,287 [simulate_environment.py | 140] INFO: Start to update the input of 2025-03-10 17:40:00
2025-03-10 02:06:56,301 [simulate_environment.py | 167] INFO: Get 110 unallocated order items, 141 ongoing order items, 607 completed order items
2025-03-10 02:06:56,308 [simulate_environment.py | 231] INFO: java main_algorithm
2025-03-10 02:06:58,342 [simulate_environment.py | 254] INFO: 2025-03-10 17:40:00, Item 1507200283-16: state = 1 < 2, we can not finish the simulation
2025-03-10 02:06:58,344 [simulate_environment.py | 99] INFO: **************************************************
2025-03-10 02:06:58,344 [simulate_environment.py | 103] INFO: cur time: 2025-03-10 17:50:00, pre time: 2025-03-10 17:40:00
2025-03-10 02:06:58,344 [simulate_environment.py | 140] INFO: Start to update the input of 2025-03-10 17:50:00
2025-03-10 02:06:58,348 [simulate_environment.py | 167] INFO: Get 124 unallocated order items, 128 ongoing order items, 624 completed order items
2025-03-10 02:06:58,354 [simulate_environment.py | 231] INFO: java main_algorithm
2025-03-10 02:07:00,876 [simulate_environment.py | 254] INFO: 2025-03-10 17:50:00, Item 1507200283-16: state = 1 < 2, we can not finish the simulation
2025-03-10 02:07:00,878 [simulate_environment.py | 99] INFO: **************************************************
2025-03-10 02:07:00,878 [simulate_environment.py | 103] INFO: cur time: 2025-03-10 18:00:00, pre time: 2025-03-10 17:50:00
2025-03-10 02:07:00,879 [simulate_environment.py | 140] INFO: Start to update the input of 2025-03-10 18:00:00
2025-03-10 02:07:00,896 [simulate_environment.py | 167] INFO: Get 106 unallocated order items, 140 ongoing order items, 632 completed order items
2025-03-10 02:07:00,902 [simulate_environment.py | 231] INFO: java main_algorithm
2025-03-10 02:07:01,743 [simulate_environment.py | 254] INFO: 2025-03-10 18:00:00, Item 1527540298-1: state = 1 < 2, we can not finish the simulation
2025-03-10 02:07:01,746 [simulate_environment.py | 99] INFO: **************************************************
2025-03-10 02:07:01,747 [simulate_environment.py | 103] INFO: cur time: 2025-03-10 18:10:00, pre time: 2025-03-10 18:00:00
2025-03-10 02:07:01,747 [simulate_environment.py | 140] INFO: Start to update the input of 2025-03-10 18:10:00
2025-03-10 02:07:01,755 [simulate_environment.py | 167] INFO: Get 99 unallocated order items, 121 ongoing order items, 658 completed order items
2025-03-10 02:07:01,761 [simulate_environment.py | 231] INFO: java main_algorithm
2025-03-10 02:07:02,427 [simulate_environment.py | 254] INFO: 2025-03-10 18:10:00, Item 1527540298-1: state = 1 < 2, we can not finish the simulation
2025-03-10 02:07:02,429 [simulate_environment.py | 99] INFO: **************************************************
2025-03-10 02:07:02,430 [simulate_environment.py | 103] INFO: cur time: 2025-03-10 18:20:00, pre time: 2025-03-10 18:10:00
2025-03-10 02:07:02,430 [simulate_environment.py | 140] INFO: Start to update the input of 2025-03-10 18:20:00
2025-03-10 02:07:02,442 [simulate_environment.py | 167] INFO: Get 86 unallocated order items, 134 ongoing order items, 658 completed order items
2025-03-10 02:07:02,448 [simulate_environment.py | 231] INFO: java main_algorithm
2025-03-10 02:07:03,057 [simulate_environment.py | 254] INFO: 2025-03-10 18:20:00, Item 1527540298-1: state = 1 < 2, we can not finish the simulation
2025-03-10 02:07:03,059 [simulate_environment.py | 99] INFO: **************************************************
2025-03-10 02:07:03,060 [simulate_environment.py | 103] INFO: cur time: 2025-03-10 18:30:00, pre time: 2025-03-10 18:20:00
2025-03-10 02:07:03,060 [simulate_environment.py | 140] INFO: Start to update the input of 2025-03-10 18:30:00
2025-03-10 02:07:03,068 [simulate_environment.py | 167] INFO: Get 66 unallocated order items, 128 ongoing order items, 684 completed order items
2025-03-10 02:07:03,074 [simulate_environment.py | 231] INFO: java main_algorithm
2025-03-10 02:07:03,536 [simulate_environment.py | 254] INFO: 2025-03-10 18:30:00, Item 1527540298-1: state = 1 < 2, we can not finish the simulation
2025-03-10 02:07:03,539 [simulate_environment.py | 99] INFO: **************************************************
2025-03-10 02:07:03,539 [simulate_environment.py | 103] INFO: cur time: 2025-03-10 18:40:00, pre time: 2025-03-10 18:30:00
2025-03-10 02:07:03,539 [simulate_environment.py | 140] INFO: Start to update the input of 2025-03-10 18:40:00
2025-03-10 02:07:03,551 [simulate_environment.py | 167] INFO: Get 41 unallocated order items, 150 ongoing order items, 687 completed order items
2025-03-10 02:07:03,557 [simulate_environment.py | 231] INFO: java main_algorithm
2025-03-10 02:07:03,960 [simulate_environment.py | 254] INFO: 2025-03-10 18:40:00, Item 1607170311-1: state = 1 < 2, we can not finish the simulation
2025-03-10 02:07:03,963 [simulate_environment.py | 99] INFO: **************************************************
2025-03-10 02:07:03,963 [simulate_environment.py | 103] INFO: cur time: 2025-03-10 18:50:00, pre time: 2025-03-10 18:40:00
2025-03-10 02:07:03,963 [simulate_environment.py | 140] INFO: Start to update the input of 2025-03-10 18:50:00
2025-03-10 02:07:03,973 [simulate_environment.py | 167] INFO: Get 40 unallocated order items, 148 ongoing order items, 690 completed order items
2025-03-10 02:07:03,980 [simulate_environment.py | 231] INFO: java main_algorithm
2025-03-10 02:07:04,385 [simulate_environment.py | 254] INFO: 2025-03-10 18:50:00, Item 1607170311-1: state = 1 < 2, we can not finish the simulation
2025-03-10 02:07:04,388 [simulate_environment.py | 99] INFO: **************************************************
2025-03-10 02:07:04,388 [simulate_environment.py | 103] INFO: cur time: 2025-03-10 19:00:00, pre time: 2025-03-10 18:50:00
2025-03-10 02:07:04,389 [simulate_environment.py | 140] INFO: Start to update the input of 2025-03-10 19:00:00
2025-03-10 02:07:04,395 [simulate_environment.py | 167] INFO: Get 39 unallocated order items, 149 ongoing order items, 690 completed order items
2025-03-10 02:07:04,403 [simulate_environment.py | 231] INFO: java main_algorithm
2025-03-10 02:07:04,791 [simulate_environment.py | 254] INFO: 2025-03-10 19:00:00, Item 1607170311-1: state = 1 < 2, we can not finish the simulation
2025-03-10 02:07:04,793 [simulate_environment.py | 99] INFO: **************************************************
2025-03-10 02:07:04,794 [simulate_environment.py | 103] INFO: cur time: 2025-03-10 19:10:00, pre time: 2025-03-10 19:00:00
2025-03-10 02:07:04,794 [simulate_environment.py | 140] INFO: Start to update the input of 2025-03-10 19:10:00
2025-03-10 02:07:04,801 [simulate_environment.py | 167] INFO: Get 34 unallocated order items, 115 ongoing order items, 729 completed order items
2025-03-10 02:07:04,806 [simulate_environment.py | 231] INFO: java main_algorithm
2025-03-10 02:07:05,180 [simulate_environment.py | 254] INFO: 2025-03-10 19:10:00, Item 1650310336-1: state = 1 < 2, we can not finish the simulation
2025-03-10 02:07:05,182 [simulate_environment.py | 99] INFO: **************************************************
2025-03-10 02:07:05,183 [simulate_environment.py | 103] INFO: cur time: 2025-03-10 19:20:00, pre time: 2025-03-10 19:10:00
2025-03-10 02:07:05,183 [simulate_environment.py | 140] INFO: Start to update the input of 2025-03-10 19:20:00
2025-03-10 02:07:05,191 [simulate_environment.py | 167] INFO: Get 31 unallocated order items, 119 ongoing order items, 730 completed order items
2025-03-10 02:07:05,196 [simulate_environment.py | 231] INFO: java main_algorithm
2025-03-10 02:07:05,681 [simulate_environment.py | 254] INFO: 2025-03-10 19:20:00, Item 1719500355-1: state = 1 < 2, we can not finish the simulation
2025-03-10 02:07:05,683 [simulate_environment.py | 99] INFO: **************************************************
2025-03-10 02:07:05,683 [simulate_environment.py | 103] INFO: cur time: 2025-03-10 19:30:00, pre time: 2025-03-10 19:20:00
2025-03-10 02:07:05,683 [simulate_environment.py | 140] INFO: Start to update the input of 2025-03-10 19:30:00
2025-03-10 02:07:05,692 [simulate_environment.py | 167] INFO: Get 49 unallocated order items, 118 ongoing order items, 733 completed order items
2025-03-10 02:07:05,697 [simulate_environment.py | 231] INFO: java main_algorithm
2025-03-10 02:07:06,409 [simulate_environment.py | 254] INFO: 2025-03-10 19:30:00, Item 1719500355-1: state = 1 < 2, we can not finish the simulation
2025-03-10 02:07:06,412 [simulate_environment.py | 99] INFO: **************************************************
2025-03-10 02:07:06,412 [simulate_environment.py | 103] INFO: cur time: 2025-03-10 19:40:00, pre time: 2025-03-10 19:30:00
2025-03-10 02:07:06,413 [simulate_environment.py | 140] INFO: Start to update the input of 2025-03-10 19:40:00
2025-03-10 02:07:06,426 [simulate_environment.py | 167] INFO: Get 60 unallocated order items, 103 ongoing order items, 749 completed order items
2025-03-10 02:07:06,431 [simulate_environment.py | 231] INFO: java main_algorithm
2025-03-10 02:07:06,924 [simulate_environment.py | 254] INFO: 2025-03-10 19:40:00, Item 1719500355-1: state = 1 < 2, we can not finish the simulation
2025-03-10 02:07:06,925 [simulate_environment.py | 99] INFO: **************************************************
2025-03-10 02:07:06,926 [simulate_environment.py | 103] INFO: cur time: 2025-03-10 19:50:00, pre time: 2025-03-10 19:40:00
2025-03-10 02:07:06,926 [simulate_environment.py | 140] INFO: Start to update the input of 2025-03-10 19:50:00
2025-03-10 02:07:06,942 [simulate_environment.py | 167] INFO: Get 67 unallocated order items, 99 ongoing order items, 753 completed order items
2025-03-10 02:07:06,947 [simulate_environment.py | 231] INFO: java main_algorithm
2025-03-10 02:07:07,356 [simulate_environment.py | 254] INFO: 2025-03-10 19:50:00, Item 1719500355-1: state = 1 < 2, we can not finish the simulation
2025-03-10 02:07:07,358 [simulate_environment.py | 99] INFO: **************************************************
2025-03-10 02:07:07,358 [simulate_environment.py | 103] INFO: cur time: 2025-03-10 20:00:00, pre time: 2025-03-10 19:50:00
2025-03-10 02:07:07,359 [simulate_environment.py | 140] INFO: Start to update the input of 2025-03-10 20:00:00
2025-03-10 02:07:07,363 [simulate_environment.py | 167] INFO: Get 68 unallocated order items, 71 ongoing order items, 797 completed order items
2025-03-10 02:07:07,369 [simulate_environment.py | 231] INFO: java main_algorithm
2025-03-10 02:07:07,799 [simulate_environment.py | 254] INFO: 2025-03-10 20:00:00, Item 1719500355-1: state = 1 < 2, we can not finish the simulation
2025-03-10 02:07:07,801 [simulate_environment.py | 99] INFO: **************************************************
2025-03-10 02:07:07,801 [simulate_environment.py | 103] INFO: cur time: 2025-03-10 20:10:00, pre time: 2025-03-10 20:00:00
2025-03-10 02:07:07,802 [simulate_environment.py | 140] INFO: Start to update the input of 2025-03-10 20:10:00
2025-03-10 02:07:07,817 [simulate_environment.py | 167] INFO: Get 68 unallocated order items, 75 ongoing order items, 798 completed order items
2025-03-10 02:07:07,822 [simulate_environment.py | 231] INFO: java main_algorithm
2025-03-10 02:07:08,270 [simulate_environment.py | 254] INFO: 2025-03-10 20:10:00, Item 1719500355-1: state = 1 < 2, we can not finish the simulation
2025-03-10 02:07:08,272 [simulate_environment.py | 99] INFO: **************************************************
2025-03-10 02:07:08,273 [simulate_environment.py | 103] INFO: cur time: 2025-03-10 20:20:00, pre time: 2025-03-10 20:10:00
2025-03-10 02:07:08,273 [simulate_environment.py | 140] INFO: Start to update the input of 2025-03-10 20:20:00
2025-03-10 02:07:08,285 [simulate_environment.py | 167] INFO: Get 64 unallocated order items, 63 ongoing order items, 822 completed order items
2025-03-10 02:07:08,290 [simulate_environment.py | 231] INFO: java main_algorithm
2025-03-10 02:07:08,880 [simulate_environment.py | 254] INFO: 2025-03-10 20:20:00, Item 1719500355-1: state = 1 < 2, we can not finish the simulation
2025-03-10 02:07:08,882 [simulate_environment.py | 99] INFO: **************************************************
2025-03-10 02:07:08,882 [simulate_environment.py | 103] INFO: cur time: 2025-03-10 20:30:00, pre time: 2025-03-10 20:20:00
2025-03-10 02:07:08,882 [simulate_environment.py | 140] INFO: Start to update the input of 2025-03-10 20:30:00
2025-03-10 02:07:08,895 [simulate_environment.py | 167] INFO: Get 70 unallocated order items, 64 ongoing order items, 822 completed order items
2025-03-10 02:07:08,899 [simulate_environment.py | 231] INFO: java main_algorithm
2025-03-10 02:07:09,364 [simulate_environment.py | 254] INFO: 2025-03-10 20:30:00, Item 1719500355-1: state = 1 < 2, we can not finish the simulation
2025-03-10 02:07:09,365 [simulate_environment.py | 99] INFO: **************************************************
2025-03-10 02:07:09,365 [simulate_environment.py | 103] INFO: cur time: 2025-03-10 20:40:00, pre time: 2025-03-10 20:30:00
2025-03-10 02:07:09,366 [simulate_environment.py | 140] INFO: Start to update the input of 2025-03-10 20:40:00
2025-03-10 02:07:09,380 [simulate_environment.py | 167] INFO: Get 67 unallocated order items, 70 ongoing order items, 833 completed order items
2025-03-10 02:07:09,386 [simulate_environment.py | 231] INFO: java main_algorithm
2025-03-10 02:07:10,249 [simulate_environment.py | 254] INFO: 2025-03-10 20:40:00, Item 1744170377-1: state = 1 < 2, we can not finish the simulation
2025-03-10 02:07:10,250 [simulate_environment.py | 99] INFO: **************************************************
2025-03-10 02:07:10,251 [simulate_environment.py | 103] INFO: cur time: 2025-03-10 20:50:00, pre time: 2025-03-10 20:40:00
2025-03-10 02:07:10,251 [simulate_environment.py | 140] INFO: Start to update the input of 2025-03-10 20:50:00
2025-03-10 02:07:10,254 [simulate_environment.py | 167] INFO: Get 65 unallocated order items, 75 ongoing order items, 836 completed order items
2025-03-10 02:07:10,259 [simulate_environment.py | 231] INFO: java main_algorithm
2025-03-10 02:07:10,793 [simulate_environment.py | 254] INFO: 2025-03-10 20:50:00, Item 1744170377-1: state = 1 < 2, we can not finish the simulation
2025-03-10 02:07:10,795 [simulate_environment.py | 99] INFO: **************************************************
2025-03-10 02:07:10,795 [simulate_environment.py | 103] INFO: cur time: 2025-03-10 21:00:00, pre time: 2025-03-10 20:50:00
2025-03-10 02:07:10,796 [simulate_environment.py | 140] INFO: Start to update the input of 2025-03-10 21:00:00
2025-03-10 02:07:10,801 [simulate_environment.py | 167] INFO: Get 63 unallocated order items, 67 ongoing order items, 846 completed order items
2025-03-10 02:07:10,806 [simulate_environment.py | 231] INFO: java main_algorithm
2025-03-10 02:07:11,968 [simulate_environment.py | 254] INFO: 2025-03-10 21:00:00, Item 1750140385-1: state = 1 < 2, we can not finish the simulation
2025-03-10 02:07:11,970 [simulate_environment.py | 99] INFO: **************************************************
2025-03-10 02:07:11,971 [simulate_environment.py | 103] INFO: cur time: 2025-03-10 21:10:00, pre time: 2025-03-10 21:00:00
2025-03-10 02:07:11,971 [simulate_environment.py | 140] INFO: Start to update the input of 2025-03-10 21:10:00
2025-03-10 02:07:11,972 [simulate_environment.py | 167] INFO: Get 60 unallocated order items, 63 ongoing order items, 853 completed order items
2025-03-10 02:07:11,976 [simulate_environment.py | 231] INFO: java main_algorithm
2025-03-10 02:07:12,360 [simulate_environment.py | 254] INFO: 2025-03-10 21:10:00, Item 1750140385-1: state = 1 < 2, we can not finish the simulation
2025-03-10 02:07:12,361 [simulate_environment.py | 99] INFO: **************************************************
2025-03-10 02:07:12,361 [simulate_environment.py | 103] INFO: cur time: 2025-03-10 21:20:00, pre time: 2025-03-10 21:10:00
2025-03-10 02:07:12,361 [simulate_environment.py | 140] INFO: Start to update the input of 2025-03-10 21:20:00
2025-03-10 02:07:12,363 [simulate_environment.py | 167] INFO: Get 48 unallocated order items, 75 ongoing order items, 858 completed order items
2025-03-10 02:07:12,367 [simulate_environment.py | 231] INFO: java main_algorithm
2025-03-10 02:07:12,718 [simulate_environment.py | 254] INFO: 2025-03-10 21:20:00, Item 1926270391-1: state = 1 < 2, we can not finish the simulation
2025-03-10 02:07:12,720 [simulate_environment.py | 99] INFO: **************************************************
2025-03-10 02:07:12,720 [simulate_environment.py | 103] INFO: cur time: 2025-03-10 21:30:00, pre time: 2025-03-10 21:20:00
2025-03-10 02:07:12,721 [simulate_environment.py | 140] INFO: Start to update the input of 2025-03-10 21:30:00
2025-03-10 02:07:12,723 [simulate_environment.py | 167] INFO: Get 67 unallocated order items, 64 ongoing order items, 874 completed order items
2025-03-10 02:07:12,728 [simulate_environment.py | 231] INFO: java main_algorithm
2025-03-10 02:07:13,121 [simulate_environment.py | 254] INFO: 2025-03-10 21:30:00, Item 1926270391-1: state = 1 < 2, we can not finish the simulation
2025-03-10 02:07:13,122 [simulate_environment.py | 99] INFO: **************************************************
2025-03-10 02:07:13,122 [simulate_environment.py | 103] INFO: cur time: 2025-03-10 21:40:00, pre time: 2025-03-10 21:30:00
2025-03-10 02:07:13,122 [simulate_environment.py | 140] INFO: Start to update the input of 2025-03-10 21:40:00
2025-03-10 02:07:13,129 [simulate_environment.py | 167] INFO: Get 74 unallocated order items, 64 ongoing order items, 876 completed order items
2025-03-10 02:07:13,134 [simulate_environment.py | 231] INFO: java main_algorithm
2025-03-10 02:07:14,108 [simulate_environment.py | 254] INFO: 2025-03-10 21:40:00, Item 1926270391-1: state = 1 < 2, we can not finish the simulation
2025-03-10 02:07:14,109 [simulate_environment.py | 99] INFO: **************************************************
2025-03-10 02:07:14,110 [simulate_environment.py | 103] INFO: cur time: 2025-03-10 21:50:00, pre time: 2025-03-10 21:40:00
2025-03-10 02:07:14,110 [simulate_environment.py | 140] INFO: Start to update the input of 2025-03-10 21:50:00
2025-03-10 02:07:14,113 [simulate_environment.py | 167] INFO: Get 52 unallocated order items, 85 ongoing order items, 879 completed order items
2025-03-10 02:07:14,118 [simulate_environment.py | 231] INFO: java main_algorithm
2025-03-10 02:07:14,845 [simulate_environment.py | 254] INFO: 2025-03-10 21:50:00, Item 1944390401-1: state = 1 < 2, we can not finish the simulation
2025-03-10 02:07:14,847 [simulate_environment.py | 99] INFO: **************************************************
2025-03-10 02:07:14,848 [simulate_environment.py | 103] INFO: cur time: 2025-03-10 22:00:00, pre time: 2025-03-10 21:50:00
2025-03-10 02:07:14,848 [simulate_environment.py | 140] INFO: Start to update the input of 2025-03-10 22:00:00
2025-03-10 02:07:14,863 [simulate_environment.py | 167] INFO: Get 38 unallocated order items, 98 ongoing order items, 883 completed order items
2025-03-10 02:07:14,868 [simulate_environment.py | 231] INFO: java main_algorithm
2025-03-10 02:07:15,190 [simulate_environment.py | 254] INFO: 2025-03-10 22:00:00, Item 1944390401-1: state = 1 < 2, we can not finish the simulation
2025-03-10 02:07:15,192 [simulate_environment.py | 99] INFO: **************************************************
2025-03-10 02:07:15,193 [simulate_environment.py | 103] INFO: cur time: 2025-03-10 22:10:00, pre time: 2025-03-10 22:00:00
2025-03-10 02:07:15,193 [simulate_environment.py | 140] INFO: Start to update the input of 2025-03-10 22:10:00
2025-03-10 02:07:15,207 [simulate_environment.py | 167] INFO: Get 29 unallocated order items, 109 ongoing order items, 883 completed order items
2025-03-10 02:07:15,212 [simulate_environment.py | 231] INFO: java main_algorithm
2025-03-10 02:07:15,525 [simulate_environment.py | 254] INFO: 2025-03-10 22:10:00, Item 1944390401-1: state = 1 < 2, we can not finish the simulation
2025-03-10 02:07:15,527 [simulate_environment.py | 99] INFO: **************************************************
2025-03-10 02:07:15,527 [simulate_environment.py | 103] INFO: cur time: 2025-03-10 22:20:00, pre time: 2025-03-10 22:10:00
2025-03-10 02:07:15,527 [simulate_environment.py | 140] INFO: Start to update the input of 2025-03-10 22:20:00
2025-03-10 02:07:15,535 [simulate_environment.py | 167] INFO: Get 31 unallocated order items, 109 ongoing order items, 884 completed order items
2025-03-10 02:07:15,541 [simulate_environment.py | 231] INFO: java main_algorithm
2025-03-10 02:07:15,880 [simulate_environment.py | 254] INFO: 2025-03-10 22:20:00, Item 2126350436-1: state = 1 < 2, we can not finish the simulation
2025-03-10 02:07:15,881 [simulate_environment.py | 99] INFO: **************************************************
2025-03-10 02:07:15,882 [simulate_environment.py | 103] INFO: cur time: 2025-03-10 22:30:00, pre time: 2025-03-10 22:20:00
2025-03-10 02:07:15,882 [simulate_environment.py | 140] INFO: Start to update the input of 2025-03-10 22:30:00
2025-03-10 02:07:15,894 [simulate_environment.py | 167] INFO: Get 33 unallocated order items, 106 ongoing order items, 890 completed order items
2025-03-10 02:07:15,898 [simulate_environment.py | 231] INFO: java main_algorithm
2025-03-10 02:07:16,422 [simulate_environment.py | 254] INFO: 2025-03-10 22:30:00, Item 2126350436-1: state = 1 < 2, we can not finish the simulation
2025-03-10 02:07:16,424 [simulate_environment.py | 99] INFO: **************************************************
2025-03-10 02:07:16,424 [simulate_environment.py | 103] INFO: cur time: 2025-03-10 22:40:00, pre time: 2025-03-10 22:30:00
2025-03-10 02:07:16,424 [simulate_environment.py | 140] INFO: Start to update the input of 2025-03-10 22:40:00
2025-03-10 02:07:16,426 [simulate_environment.py | 167] INFO: Get 38 unallocated order items, 111 ongoing order items, 902 completed order items
2025-03-10 02:07:16,431 [simulate_environment.py | 231] INFO: java main_algorithm
2025-03-10 02:07:16,839 [simulate_environment.py | 254] INFO: 2025-03-10 22:40:00, Item 2126350436-1: state = 1 < 2, we can not finish the simulation
2025-03-10 02:07:16,841 [simulate_environment.py | 99] INFO: **************************************************
2025-03-10 02:07:16,841 [simulate_environment.py | 103] INFO: cur time: 2025-03-10 22:50:00, pre time: 2025-03-10 22:40:00
2025-03-10 02:07:16,842 [simulate_environment.py | 140] INFO: Start to update the input of 2025-03-10 22:50:00
2025-03-10 02:07:16,848 [simulate_environment.py | 167] INFO: Get 41 unallocated order items, 109 ongoing order items, 904 completed order items
2025-03-10 02:07:16,853 [simulate_environment.py | 231] INFO: java main_algorithm
2025-03-10 02:07:17,195 [simulate_environment.py | 254] INFO: 2025-03-10 22:50:00, Item 2126350436-1: state = 1 < 2, we can not finish the simulation
2025-03-10 02:07:17,197 [simulate_environment.py | 99] INFO: **************************************************
2025-03-10 02:07:17,198 [simulate_environment.py | 103] INFO: cur time: 2025-03-10 23:00:00, pre time: 2025-03-10 22:50:00
2025-03-10 02:07:17,198 [simulate_environment.py | 140] INFO: Start to update the input of 2025-03-10 23:00:00
2025-03-10 02:07:17,207 [simulate_environment.py | 167] INFO: Get 44 unallocated order items, 107 ongoing order items, 907 completed order items
2025-03-10 02:07:17,213 [simulate_environment.py | 231] INFO: java main_algorithm
2025-03-10 02:07:17,559 [simulate_environment.py | 254] INFO: 2025-03-10 23:00:00, Item 2126350436-1: state = 1 < 2, we can not finish the simulation
2025-03-10 02:07:17,561 [simulate_environment.py | 99] INFO: **************************************************
2025-03-10 02:07:17,561 [simulate_environment.py | 103] INFO: cur time: 2025-03-10 23:10:00, pre time: 2025-03-10 23:00:00
2025-03-10 02:07:17,561 [simulate_environment.py | 140] INFO: Start to update the input of 2025-03-10 23:10:00
2025-03-10 02:07:17,567 [simulate_environment.py | 167] INFO: Get 41 unallocated order items, 79 ongoing order items, 938 completed order items
2025-03-10 02:07:17,572 [simulate_environment.py | 231] INFO: java main_algorithm
2025-03-10 02:07:17,887 [simulate_environment.py | 254] INFO: 2025-03-10 23:10:00, Item 2126350436-1: state = 1 < 2, we can not finish the simulation
2025-03-10 02:07:17,889 [simulate_environment.py | 99] INFO: **************************************************
2025-03-10 02:07:17,890 [simulate_environment.py | 103] INFO: cur time: 2025-03-10 23:20:00, pre time: 2025-03-10 23:10:00
2025-03-10 02:07:17,890 [simulate_environment.py | 140] INFO: Start to update the input of 2025-03-10 23:20:00
2025-03-10 02:07:17,894 [simulate_environment.py | 167] INFO: Get 36 unallocated order items, 62 ongoing order items, 961 completed order items
2025-03-10 02:07:17,899 [simulate_environment.py | 231] INFO: java main_algorithm
2025-03-10 02:07:18,199 [simulate_environment.py | 254] INFO: 2025-03-10 23:20:00, Item 2143550446-1: state = 1 < 2, we can not finish the simulation
2025-03-10 02:07:18,201 [simulate_environment.py | 99] INFO: **************************************************
2025-03-10 02:07:18,202 [simulate_environment.py | 103] INFO: cur time: 2025-03-10 23:30:00, pre time: 2025-03-10 23:20:00
2025-03-10 02:07:18,202 [simulate_environment.py | 140] INFO: Start to update the input of 2025-03-10 23:30:00
2025-03-10 02:07:18,207 [simulate_environment.py | 167] INFO: Get 44 unallocated order items, 54 ongoing order items, 969 completed order items
2025-03-10 02:07:18,211 [simulate_environment.py | 231] INFO: java main_algorithm
2025-03-10 02:07:18,566 [simulate_environment.py | 254] INFO: 2025-03-10 23:30:00, Item 2143550446-1: state = 1 < 2, we can not finish the simulation
2025-03-10 02:07:18,567 [simulate_environment.py | 99] INFO: **************************************************
2025-03-10 02:07:18,568 [simulate_environment.py | 103] INFO: cur time: 2025-03-10 23:40:00, pre time: 2025-03-10 23:30:00
2025-03-10 02:07:18,568 [simulate_environment.py | 140] INFO: Start to update the input of 2025-03-10 23:40:00
2025-03-10 02:07:18,582 [simulate_environment.py | 167] INFO: Get 70 unallocated order items, 65 ongoing order items, 973 completed order items
2025-03-10 02:07:18,587 [simulate_environment.py | 231] INFO: java main_algorithm
2025-03-10 02:07:19,151 [simulate_environment.py | 254] INFO: 2025-03-10 23:40:00, Item 2143550446-1: state = 1 < 2, we can not finish the simulation
2025-03-10 02:07:19,153 [simulate_environment.py | 99] INFO: **************************************************
2025-03-10 02:07:19,153 [simulate_environment.py | 103] INFO: cur time: 2025-03-10 23:50:00, pre time: 2025-03-10 23:40:00
2025-03-10 02:07:19,154 [simulate_environment.py | 140] INFO: Start to update the input of 2025-03-10 23:50:00
2025-03-10 02:07:19,160 [simulate_environment.py | 167] INFO: Get 73 unallocated order items, 64 ongoing order items, 977 completed order items
2025-03-10 02:07:19,165 [simulate_environment.py | 231] INFO: java main_algorithm
2025-03-10 02:07:19,604 [simulate_environment.py | 254] INFO: 2025-03-10 23:50:00, Item 2143550446-1: state = 1 < 2, we can not finish the simulation
2025-03-10 02:07:19,606 [simulate_environment.py | 99] INFO: **************************************************
2025-03-10 02:07:19,606 [simulate_environment.py | 103] INFO: cur time: 2025-03-11 00:00:00, pre time: 2025-03-10 23:50:00
2025-03-10 02:07:19,607 [simulate_environment.py | 140] INFO: Start to update the input of 2025-03-11 00:00:00
2025-03-10 02:07:19,614 [simulate_environment.py | 167] INFO: Get 77 unallocated order items, 61 ongoing order items, 983 completed order items
2025-03-10 02:07:19,618 [simulate_environment.py | 231] INFO: java main_algorithm
2025-03-10 02:07:20,263 [simulate_environment.py | 254] INFO: 2025-03-11 00:00:00, Item 2156310449-1: state = 1 < 2, we can not finish the simulation
2025-03-10 02:07:20,264 [simulate_environment.py | 99] INFO: **************************************************
2025-03-10 02:07:20,265 [simulate_environment.py | 103] INFO: cur time: 2025-03-11 00:10:00, pre time: 2025-03-11 00:00:00
2025-03-10 02:07:20,265 [simulate_environment.py | 140] INFO: Start to update the input of 2025-03-11 00:10:00
2025-03-10 02:07:20,270 [simulate_environment.py | 167] INFO: Get 47 unallocated order items, 91 ongoing order items, 983 completed order items
2025-03-10 02:07:20,275 [simulate_environment.py | 231] INFO: java main_algorithm
2025-03-10 02:07:20,668 [simulate_environment.py | 254] INFO: 2025-03-11 00:10:00, Item 2222040455-1: state = 1 < 2, we can not finish the simulation
2025-03-10 02:07:20,671 [simulate_environment.py | 99] INFO: **************************************************
2025-03-10 02:07:20,671 [simulate_environment.py | 103] INFO: cur time: 2025-03-11 00:20:00, pre time: 2025-03-11 00:10:00
2025-03-10 02:07:20,671 [simulate_environment.py | 140] INFO: Start to update the input of 2025-03-11 00:20:00
2025-03-10 02:07:20,676 [simulate_environment.py | 167] INFO: Get 36 unallocated order items, 102 ongoing order items, 983 completed order items
2025-03-10 02:07:20,681 [simulate_environment.py | 231] INFO: java main_algorithm
2025-03-10 02:07:21,076 [simulate_environment.py | 254] INFO: 2025-03-11 00:20:00, Item 2222040455-1: state = 1 < 2, we can not finish the simulation
2025-03-10 02:07:21,079 [simulate_environment.py | 99] INFO: **************************************************
2025-03-10 02:07:21,079 [simulate_environment.py | 103] INFO: cur time: 2025-03-11 00:30:00, pre time: 2025-03-11 00:20:00
2025-03-10 02:07:21,080 [simulate_environment.py | 140] INFO: Start to update the input of 2025-03-11 00:30:00
2025-03-10 02:07:21,082 [simulate_environment.py | 167] INFO: Get 32 unallocated order items, 94 ongoing order items, 995 completed order items
2025-03-10 02:07:21,086 [simulate_environment.py | 231] INFO: java main_algorithm
2025-03-10 02:07:21,442 [simulate_environment.py | 254] INFO: 2025-03-11 00:30:00, Item 2233200458-1: state = 1 < 2, we can not finish the simulation
2025-03-10 02:07:21,445 [simulate_environment.py | 99] INFO: **************************************************
2025-03-10 02:07:21,445 [simulate_environment.py | 103] INFO: cur time: 2025-03-11 00:40:00, pre time: 2025-03-11 00:30:00
2025-03-10 02:07:21,445 [simulate_environment.py | 140] INFO: Start to update the input of 2025-03-11 00:40:00
2025-03-10 02:07:21,457 [simulate_environment.py | 167] INFO: Get 31 unallocated order items, 87 ongoing order items, 1003 completed order items
2025-03-10 02:07:21,462 [simulate_environment.py | 231] INFO: java main_algorithm
2025-03-10 02:07:21,781 [simulate_environment.py | 254] INFO: 2025-03-11 00:40:00, Item 2250310465-1: state = 1 < 2, we can not finish the simulation
2025-03-10 02:07:21,783 [simulate_environment.py | 99] INFO: **************************************************
2025-03-10 02:07:21,784 [simulate_environment.py | 103] INFO: cur time: 2025-03-11 00:50:00, pre time: 2025-03-11 00:40:00
2025-03-10 02:07:21,784 [simulate_environment.py | 140] INFO: Start to update the input of 2025-03-11 00:50:00
2025-03-10 02:07:21,785 [simulate_environment.py | 167] INFO: Get 30 unallocated order items, 88 ongoing order items, 1003 completed order items
2025-03-10 02:07:21,789 [simulate_environment.py | 231] INFO: java main_algorithm
2025-03-10 02:07:22,115 [simulate_environment.py | 254] INFO: 2025-03-11 00:50:00, Item 2315290468-1: state = 1 < 2, we can not finish the simulation
2025-03-10 02:07:22,116 [simulate_environment.py | 99] INFO: **************************************************
2025-03-10 02:07:22,117 [simulate_environment.py | 103] INFO: cur time: 2025-03-11 01:00:00, pre time: 2025-03-11 00:50:00
2025-03-10 02:07:22,117 [simulate_environment.py | 140] INFO: Start to update the input of 2025-03-11 01:00:00
2025-03-10 02:07:22,129 [simulate_environment.py | 167] INFO: Get 30 unallocated order items, 78 ongoing order items, 1013 completed order items
2025-03-10 02:07:22,134 [simulate_environment.py | 231] INFO: java main_algorithm
2025-03-10 02:07:22,476 [simulate_environment.py | 254] INFO: 2025-03-11 01:00:00, Item 2315290468-1: state = 1 < 2, we can not finish the simulation
2025-03-10 02:07:22,479 [simulate_environment.py | 99] INFO: **************************************************
2025-03-10 02:07:22,480 [simulate_environment.py | 103] INFO: cur time: 2025-03-11 01:10:00, pre time: 2025-03-11 01:00:00
2025-03-10 02:07:22,480 [simulate_environment.py | 140] INFO: Start to update the input of 2025-03-11 01:10:00
2025-03-10 02:07:22,488 [simulate_environment.py | 167] INFO: Get 13 unallocated order items, 77 ongoing order items, 1031 completed order items
2025-03-10 02:07:22,492 [simulate_environment.py | 231] INFO: java main_algorithm
2025-03-10 02:07:22,812 [simulate_environment.py | 254] INFO: 2025-03-11 01:10:00, Item 2315290468-1: state = 1 < 2, we can not finish the simulation
2025-03-10 02:07:22,814 [simulate_environment.py | 99] INFO: **************************************************
2025-03-10 02:07:22,815 [simulate_environment.py | 103] INFO: cur time: 2025-03-11 01:20:00, pre time: 2025-03-11 01:10:00
2025-03-10 02:07:22,815 [simulate_environment.py | 140] INFO: Start to update the input of 2025-03-11 01:20:00
2025-03-10 02:07:22,817 [simulate_environment.py | 167] INFO: Get 13 unallocated order items, 77 ongoing order items, 1031 completed order items
2025-03-10 02:07:22,820 [simulate_environment.py | 231] INFO: java main_algorithm
2025-03-10 02:07:23,107 [simulate_environment.py | 254] INFO: 2025-03-11 01:20:00, Item 2315290468-1: state = 1 < 2, we can not finish the simulation
2025-03-10 02:07:23,109 [simulate_environment.py | 99] INFO: **************************************************
2025-03-10 02:07:23,109 [simulate_environment.py | 103] INFO: cur time: 2025-03-11 01:30:00, pre time: 2025-03-11 01:20:00
2025-03-10 02:07:23,109 [simulate_environment.py | 140] INFO: Start to update the input of 2025-03-11 01:30:00
2025-03-10 02:07:23,114 [simulate_environment.py | 167] INFO: Get 6 unallocated order items, 84 ongoing order items, 1031 completed order items
2025-03-10 02:07:23,117 [simulate_environment.py | 231] INFO: java main_algorithm
2025-03-10 02:07:23,410 [simulate_environment.py | 254] INFO: 2025-03-11 01:30:00, Item 2341540489-1: state = 1 < 2, we can not finish the simulation
2025-03-10 02:07:23,412 [simulate_environment.py | 99] INFO: **************************************************
2025-03-10 02:07:23,413 [simulate_environment.py | 103] INFO: cur time: 2025-03-11 01:40:00, pre time: 2025-03-11 01:30:00
2025-03-10 02:07:23,413 [simulate_environment.py | 140] INFO: Start to update the input of 2025-03-11 01:40:00
2025-03-10 02:07:23,426 [simulate_environment.py | 167] INFO: Get 5 unallocated order items, 58 ongoing order items, 1058 completed order items
2025-03-10 02:07:23,429 [simulate_environment.py | 231] INFO: java main_algorithm
2025-03-10 02:07:23,702 [simulate_environment.py | 254] INFO: 2025-03-11 01:40:00, Item 2341540489-1: state = 1 < 2, we can not finish the simulation
2025-03-10 02:07:23,703 [simulate_environment.py | 99] INFO: **************************************************
2025-03-10 02:07:23,704 [simulate_environment.py | 103] INFO: cur time: 2025-03-11 01:50:00, pre time: 2025-03-11 01:40:00
2025-03-10 02:07:23,704 [simulate_environment.py | 140] INFO: Start to update the input of 2025-03-11 01:50:00
2025-03-10 02:07:23,707 [simulate_environment.py | 167] INFO: Get 2 unallocated order items, 61 ongoing order items, 1058 completed order items
2025-03-10 02:07:23,710 [simulate_environment.py | 231] INFO: java main_algorithm
2025-03-10 02:07:23,963 [simulate_environment.py | 254] INFO: 2025-03-11 01:50:00, Item 2355560495-1: state = 1 < 2, we can not finish the simulation
2025-03-10 02:07:23,965 [simulate_environment.py | 99] INFO: **************************************************
2025-03-10 02:07:23,965 [simulate_environment.py | 103] INFO: cur time: 2025-03-11 02:00:00, pre time: 2025-03-11 01:50:00
2025-03-10 02:07:23,965 [simulate_environment.py | 140] INFO: Start to update the input of 2025-03-11 02:00:00
2025-03-10 02:07:23,973 [simulate_environment.py | 167] INFO: Get 2 unallocated order items, 56 ongoing order items, 1063 completed order items
2025-03-10 02:07:23,975 [simulate_environment.py | 231] INFO: java main_algorithm
2025-03-10 02:07:24,227 [simulate_environment.py | 254] INFO: 2025-03-11 02:00:00, Item 2355560495-1: state = 1 < 2, we can not finish the simulation
2025-03-10 02:07:24,229 [simulate_environment.py | 99] INFO: **************************************************
2025-03-10 02:07:24,230 [simulate_environment.py | 103] INFO: cur time: 2025-03-11 02:10:00, pre time: 2025-03-11 02:00:00
2025-03-10 02:07:24,230 [simulate_environment.py | 140] INFO: Start to update the input of 2025-03-11 02:10:00
2025-03-10 02:07:24,239 [simulate_environment.py | 167] INFO: Get 0 unallocated order items, 56 ongoing order items, 1065 completed order items
2025-03-10 02:07:24,243 [simulate_environment.py | 231] INFO: java main_algorithm
2025-03-10 02:07:24,479 [simulate_environment.py | 257] INFO: 2025-03-11 02:10:00, the status of all items is greater than 1, we could finish the simulation
2025-03-10 02:07:24,488 [evaluator.py    | 52] INFO: Traveling Distance of Vehicle V_1 is  101.800, visited node list: 73
2025-03-10 02:07:24,489 [evaluator.py    | 52] INFO: Traveling Distance of Vehicle V_2 is  57.900, visited node list: 102
2025-03-10 02:07:24,489 [evaluator.py    | 52] INFO: Traveling Distance of Vehicle V_3 is  199.900, visited node list: 34
2025-03-10 02:07:24,490 [evaluator.py    | 52] INFO: Traveling Distance of Vehicle V_4 is  137.900, visited node list: 116
2025-03-10 02:07:24,490 [evaluator.py    | 52] INFO: Traveling Distance of Vehicle V_5 is  112.500, visited node list: 51
2025-03-10 02:07:24,490 [evaluator.py    | 52] INFO: Traveling Distance of Vehicle V_6 is  194.100, visited node list: 63
2025-03-10 02:07:24,491 [evaluator.py    | 52] INFO: Traveling Distance of Vehicle V_7 is  88.400, visited node list: 99
2025-03-10 02:07:24,491 [evaluator.py    | 52] INFO: Traveling Distance of Vehicle V_8 is  144.400, visited node list: 35
2025-03-10 02:07:24,491 [evaluator.py    | 52] INFO: Traveling Distance of Vehicle V_9 is  126.800, visited node list: 69
2025-03-10 02:07:24,491 [evaluator.py    | 52] INFO: Traveling Distance of Vehicle V_10 is  152.900, visited node list: 72
2025-03-10 02:07:24,491 [evaluator.py    | 52] INFO: Traveling Distance of Vehicle V_11 is  148.700, visited node list: 85
2025-03-10 02:07:24,492 [evaluator.py    | 52] INFO: Traveling Distance of Vehicle V_12 is  256.400, visited node list: 51
2025-03-10 02:07:24,492 [evaluator.py    | 52] INFO: Traveling Distance of Vehicle V_13 is  99.000, visited node list: 76
2025-03-10 02:07:24,492 [evaluator.py    | 52] INFO: Traveling Distance of Vehicle V_14 is  96.700, visited node list: 75
2025-03-10 02:07:24,492 [evaluator.py    | 52] INFO: Traveling Distance of Vehicle V_15 is  153.400, visited node list: 64
2025-03-10 02:07:24,492 [evaluator.py    | 52] INFO: Traveling Distance of Vehicle V_16 is  223.000, visited node list: 74
2025-03-10 02:07:24,492 [evaluator.py    | 52] INFO: Traveling Distance of Vehicle V_17 is  203.800, visited node list: 47
2025-03-10 02:07:24,492 [evaluator.py    | 52] INFO: Traveling Distance of Vehicle V_18 is  139.500, visited node list: 67
2025-03-10 02:07:24,493 [evaluator.py    | 52] INFO: Traveling Distance of Vehicle V_19 is  171.200, visited node list: 50
2025-03-10 02:07:24,493 [evaluator.py    | 52] INFO: Traveling Distance of Vehicle V_20 is  180.800, visited node list: 65
2025-03-10 02:07:24,493 [evaluator.py    | 33] INFO: Total distance:  2989.100
2025-03-10 02:07:24,494 [evaluator.py    | 35] INFO: Sum over time:  3206.000
2025-03-10 02:07:24,495 [evaluator.py    | 37] INFO: Total score:  9055.011
2025-03-10 02:07:24,499 [main.py         | 53] INFO: Score of instance_26: 9055.010555555555
