2025-04-24 21:22:53,888 [main.py         | 48] INFO: Start to run instance_7
2025-04-24 21:22:53,889 [simulate_api.py | 60] INFO: Start time of the simulator: 2025-04-24 00:00:00, time interval:  600.00
2025-04-24 21:22:53,898 [input_utils.py  | 48] INFO: Get 154 factories
2025-04-24 21:22:54,812 [input_utils.py  | 52] INFO: Get 23562 routes
2025-04-24 21:22:54,825 [input_utils.py  | 57] INFO: Get 5 vehicles
2025-04-24 21:22:54,842 [input_utils.py  | 61] INFO: Get 50 orders
2025-04-24 21:22:54,842 [simulate_api.py | 87] INFO: Initial position of V_1 is e2d5093fbe36431f8986ddb0e1c586be
2025-04-24 21:22:54,842 [simulate_api.py | 87] INFO: Initial position of V_2 is 7fe14b93f0f04ee7a994ef5b2c1fdb72
2025-04-24 21:22:54,842 [simulate_api.py | 87] INFO: Initial position of V_3 is fa366fc87a124d32926daa5bb093129f
2025-04-24 21:22:54,843 [simulate_api.py | 87] INFO: Initial position of V_4 is e47399648fa842b2b8f80094343d8091
2025-04-24 21:22:54,843 [simulate_api.py | 87] INFO: Initial position of V_5 is becb4f85393540b287e7329758b8d832
2025-04-24 21:22:54,843 [simulate_environment.py | 99] INFO: **************************************************
2025-04-24 21:22:54,843 [simulate_environment.py | 103] INFO: cur time: 2025-04-24 00:10:00, pre time: 2025-04-24 00:00:00
2025-04-24 21:22:54,843 [simulate_environment.py | 140] INFO: Start to update the input of 2025-04-24 00:10:00
2025-04-24 21:22:54,844 [simulate_environment.py | 167] INFO: Get 1 unallocated order items, 0 ongoing order items, 0 completed order items
2025-04-24 21:22:54,846 [simulate_environment.py | 231] INFO: java main_algorithm
2025-04-24 21:22:55,051 [simulate_environment.py | 254] INFO: 2025-04-24 00:10:00, Item 0002470001-1: state = 1 < 2, we can not finish the simulation
2025-04-24 21:22:55,051 [simulate_environment.py | 99] INFO: **************************************************
2025-04-24 21:22:55,051 [simulate_environment.py | 103] INFO: cur time: 2025-04-24 00:20:00, pre time: 2025-04-24 00:10:00
2025-04-24 21:22:55,051 [simulate_environment.py | 140] INFO: Start to update the input of 2025-04-24 00:20:00
2025-04-24 21:22:55,054 [simulate_environment.py | 167] INFO: Get 1 unallocated order items, 0 ongoing order items, 0 completed order items
2025-04-24 21:22:55,055 [simulate_environment.py | 231] INFO: java main_algorithm
2025-04-24 21:22:55,263 [simulate_environment.py | 254] INFO: 2025-04-24 00:20:00, Item 0002470001-1: state = 1 < 2, we can not finish the simulation
2025-04-24 21:22:55,263 [simulate_environment.py | 99] INFO: **************************************************
2025-04-24 21:22:55,263 [simulate_environment.py | 103] INFO: cur time: 2025-04-24 00:30:00, pre time: 2025-04-24 00:20:00
2025-04-24 21:22:55,263 [simulate_environment.py | 140] INFO: Start to update the input of 2025-04-24 00:30:00
2025-04-24 21:22:55,272 [simulate_environment.py | 167] INFO: Get 1 unallocated order items, 0 ongoing order items, 0 completed order items
2025-04-24 21:22:55,274 [simulate_environment.py | 231] INFO: java main_algorithm
2025-04-24 21:22:55,478 [simulate_environment.py | 254] INFO: 2025-04-24 00:30:00, Item 0002470001-1: state = 1 < 2, we can not finish the simulation
2025-04-24 21:22:55,478 [simulate_environment.py | 99] INFO: **************************************************
2025-04-24 21:22:55,478 [simulate_environment.py | 103] INFO: cur time: 2025-04-24 00:40:00, pre time: 2025-04-24 00:30:00
2025-04-24 21:22:55,478 [simulate_environment.py | 140] INFO: Start to update the input of 2025-04-24 00:40:00
2025-04-24 21:22:55,491 [simulate_environment.py | 167] INFO: Get 1 unallocated order items, 1 ongoing order items, 0 completed order items
2025-04-24 21:22:55,493 [simulate_environment.py | 231] INFO: java main_algorithm
2025-04-24 21:22:55,751 [simulate_environment.py | 254] INFO: 2025-04-24 00:40:00, Item 0039060002-1: state = 1 < 2, we can not finish the simulation
2025-04-24 21:22:55,752 [simulate_environment.py | 99] INFO: **************************************************
2025-04-24 21:22:55,752 [simulate_environment.py | 103] INFO: cur time: 2025-04-24 00:50:00, pre time: 2025-04-24 00:40:00
2025-04-24 21:22:55,752 [simulate_environment.py | 140] INFO: Start to update the input of 2025-04-24 00:50:00
2025-04-24 21:22:55,756 [simulate_environment.py | 167] INFO: Get 1 unallocated order items, 1 ongoing order items, 0 completed order items
2025-04-24 21:22:55,757 [simulate_environment.py | 231] INFO: java main_algorithm
2025-04-24 21:22:55,958 [simulate_environment.py | 254] INFO: 2025-04-24 00:50:00, Item 0039060002-1: state = 1 < 2, we can not finish the simulation
2025-04-24 21:22:55,959 [simulate_environment.py | 99] INFO: **************************************************
2025-04-24 21:22:55,959 [simulate_environment.py | 103] INFO: cur time: 2025-04-24 01:00:00, pre time: 2025-04-24 00:50:00
2025-04-24 21:22:55,959 [simulate_environment.py | 140] INFO: Start to update the input of 2025-04-24 01:00:00
2025-04-24 21:22:55,960 [simulate_environment.py | 167] INFO: Get 1 unallocated order items, 1 ongoing order items, 0 completed order items
2025-04-24 21:22:55,961 [simulate_environment.py | 231] INFO: java main_algorithm
2025-04-24 21:22:56,176 [simulate_environment.py | 254] INFO: 2025-04-24 01:00:00, Item 0039060002-1: state = 1 < 2, we can not finish the simulation
2025-04-24 21:22:56,176 [simulate_environment.py | 99] INFO: **************************************************
2025-04-24 21:22:56,176 [simulate_environment.py | 103] INFO: cur time: 2025-04-24 01:10:00, pre time: 2025-04-24 01:00:00
2025-04-24 21:22:56,176 [simulate_environment.py | 140] INFO: Start to update the input of 2025-04-24 01:10:00
2025-04-24 21:22:56,178 [simulate_environment.py | 167] INFO: Get 1 unallocated order items, 1 ongoing order items, 0 completed order items
2025-04-24 21:22:56,179 [simulate_environment.py | 231] INFO: java main_algorithm
2025-04-24 21:22:56,379 [simulate_environment.py | 254] INFO: 2025-04-24 01:10:00, Item 0039060002-1: state = 1 < 2, we can not finish the simulation
2025-04-24 21:22:56,380 [simulate_environment.py | 99] INFO: **************************************************
2025-04-24 21:22:56,380 [simulate_environment.py | 103] INFO: cur time: 2025-04-24 01:20:00, pre time: 2025-04-24 01:10:00
2025-04-24 21:22:56,380 [simulate_environment.py | 140] INFO: Start to update the input of 2025-04-24 01:20:00
2025-04-24 21:22:56,381 [simulate_environment.py | 167] INFO: Get 1 unallocated order items, 1 ongoing order items, 0 completed order items
2025-04-24 21:22:56,382 [simulate_environment.py | 231] INFO: java main_algorithm
2025-04-24 21:22:56,599 [simulate_environment.py | 254] INFO: 2025-04-24 01:20:00, Item 0039060002-1: state = 1 < 2, we can not finish the simulation
2025-04-24 21:22:56,600 [simulate_environment.py | 99] INFO: **************************************************
2025-04-24 21:22:56,600 [simulate_environment.py | 103] INFO: cur time: 2025-04-24 01:30:00, pre time: 2025-04-24 01:20:00
2025-04-24 21:22:56,600 [simulate_environment.py | 140] INFO: Start to update the input of 2025-04-24 01:30:00
2025-04-24 21:22:56,601 [simulate_environment.py | 167] INFO: Get 1 unallocated order items, 1 ongoing order items, 0 completed order items
2025-04-24 21:22:56,602 [simulate_environment.py | 231] INFO: java main_algorithm
2025-04-24 21:22:56,799 [simulate_environment.py | 254] INFO: 2025-04-24 01:30:00, Item 0039060002-1: state = 1 < 2, we can not finish the simulation
2025-04-24 21:22:56,800 [simulate_environment.py | 99] INFO: **************************************************
2025-04-24 21:22:56,800 [simulate_environment.py | 103] INFO: cur time: 2025-04-24 01:40:00, pre time: 2025-04-24 01:30:00
2025-04-24 21:22:56,800 [simulate_environment.py | 140] INFO: Start to update the input of 2025-04-24 01:40:00
2025-04-24 21:22:56,804 [simulate_environment.py | 167] INFO: Get 1 unallocated order items, 1 ongoing order items, 0 completed order items
2025-04-24 21:22:56,805 [simulate_environment.py | 231] INFO: java main_algorithm
2025-04-24 21:22:57,039 [simulate_environment.py | 254] INFO: 2025-04-24 01:40:00, Item 0039060002-1: state = 1 < 2, we can not finish the simulation
2025-04-24 21:22:57,040 [simulate_environment.py | 99] INFO: **************************************************
2025-04-24 21:22:57,040 [simulate_environment.py | 103] INFO: cur time: 2025-04-24 01:50:00, pre time: 2025-04-24 01:40:00
2025-04-24 21:22:57,041 [simulate_environment.py | 140] INFO: Start to update the input of 2025-04-24 01:50:00
2025-04-24 21:22:57,053 [simulate_environment.py | 167] INFO: Get 0 unallocated order items, 1 ongoing order items, 1 completed order items
2025-04-24 21:22:57,055 [simulate_environment.py | 231] INFO: java main_algorithm
2025-04-24 21:22:57,273 [simulate_environment.py | 254] INFO: 2025-04-24 01:50:00, Item 0205230003-1: state = 0 < 2, we can not finish the simulation
2025-04-24 21:22:57,273 [simulate_environment.py | 99] INFO: **************************************************
2025-04-24 21:22:57,274 [simulate_environment.py | 103] INFO: cur time: 2025-04-24 02:00:00, pre time: 2025-04-24 01:50:00
2025-04-24 21:22:57,274 [simulate_environment.py | 140] INFO: Start to update the input of 2025-04-24 02:00:00
2025-04-24 21:22:57,288 [simulate_environment.py | 167] INFO: Get 0 unallocated order items, 1 ongoing order items, 1 completed order items
2025-04-24 21:22:57,289 [simulate_environment.py | 231] INFO: java main_algorithm
2025-04-24 21:22:57,502 [simulate_environment.py | 254] INFO: 2025-04-24 02:00:00, Item 0205230003-1: state = 0 < 2, we can not finish the simulation
2025-04-24 21:22:57,502 [simulate_environment.py | 99] INFO: **************************************************
2025-04-24 21:22:57,502 [simulate_environment.py | 103] INFO: cur time: 2025-04-24 02:10:00, pre time: 2025-04-24 02:00:00
2025-04-24 21:22:57,502 [simulate_environment.py | 140] INFO: Start to update the input of 2025-04-24 02:10:00
2025-04-24 21:22:57,507 [simulate_environment.py | 167] INFO: Get 1 unallocated order items, 1 ongoing order items, 1 completed order items
2025-04-24 21:22:57,508 [simulate_environment.py | 231] INFO: java main_algorithm
2025-04-24 21:22:57,724 [simulate_environment.py | 254] INFO: 2025-04-24 02:10:00, Item 0205230003-1: state = 1 < 2, we can not finish the simulation
2025-04-24 21:22:57,724 [simulate_environment.py | 99] INFO: **************************************************
2025-04-24 21:22:57,724 [simulate_environment.py | 103] INFO: cur time: 2025-04-24 02:20:00, pre time: 2025-04-24 02:10:00
2025-04-24 21:22:57,725 [simulate_environment.py | 140] INFO: Start to update the input of 2025-04-24 02:20:00
2025-04-24 21:22:57,741 [simulate_environment.py | 167] INFO: Get 1 unallocated order items, 1 ongoing order items, 1 completed order items
2025-04-24 21:22:57,742 [simulate_environment.py | 231] INFO: java main_algorithm
2025-04-24 21:22:57,935 [simulate_environment.py | 254] INFO: 2025-04-24 02:20:00, Item 0205230003-1: state = 1 < 2, we can not finish the simulation
2025-04-24 21:22:57,936 [simulate_environment.py | 99] INFO: **************************************************
2025-04-24 21:22:57,936 [simulate_environment.py | 103] INFO: cur time: 2025-04-24 02:30:00, pre time: 2025-04-24 02:20:00
2025-04-24 21:22:57,936 [simulate_environment.py | 140] INFO: Start to update the input of 2025-04-24 02:30:00
2025-04-24 21:22:57,944 [simulate_environment.py | 167] INFO: Get 1 unallocated order items, 0 ongoing order items, 2 completed order items
2025-04-24 21:22:57,945 [simulate_environment.py | 231] INFO: java main_algorithm
2025-04-24 21:22:58,150 [simulate_environment.py | 254] INFO: 2025-04-24 02:30:00, Item 0205230003-1: state = 1 < 2, we can not finish the simulation
2025-04-24 21:22:58,151 [simulate_environment.py | 99] INFO: **************************************************
2025-04-24 21:22:58,151 [simulate_environment.py | 103] INFO: cur time: 2025-04-24 02:40:00, pre time: 2025-04-24 02:30:00
2025-04-24 21:22:58,151 [simulate_environment.py | 140] INFO: Start to update the input of 2025-04-24 02:40:00
2025-04-24 21:22:58,163 [simulate_environment.py | 167] INFO: Get 1 unallocated order items, 0 ongoing order items, 2 completed order items
2025-04-24 21:22:58,164 [simulate_environment.py | 231] INFO: java main_algorithm
2025-04-24 21:22:58,358 [simulate_environment.py | 254] INFO: 2025-04-24 02:40:00, Item 0205230003-1: state = 1 < 2, we can not finish the simulation
2025-04-24 21:22:58,358 [simulate_environment.py | 99] INFO: **************************************************
2025-04-24 21:22:58,358 [simulate_environment.py | 103] INFO: cur time: 2025-04-24 02:50:00, pre time: 2025-04-24 02:40:00
2025-04-24 21:22:58,359 [simulate_environment.py | 140] INFO: Start to update the input of 2025-04-24 02:50:00
2025-04-24 21:22:58,366 [simulate_environment.py | 167] INFO: Get 21 unallocated order items, 0 ongoing order items, 2 completed order items
2025-04-24 21:22:58,367 [simulate_environment.py | 231] INFO: java main_algorithm
2025-04-24 21:22:58,605 [simulate_environment.py | 254] INFO: 2025-04-24 02:50:00, Item 0205230003-1: state = 1 < 2, we can not finish the simulation
2025-04-24 21:22:58,605 [simulate_environment.py | 99] INFO: **************************************************
2025-04-24 21:22:58,605 [simulate_environment.py | 103] INFO: cur time: 2025-04-24 03:00:00, pre time: 2025-04-24 02:50:00
2025-04-24 21:22:58,605 [simulate_environment.py | 140] INFO: Start to update the input of 2025-04-24 03:00:00
2025-04-24 21:22:58,616 [simulate_environment.py | 167] INFO: Get 20 unallocated order items, 1 ongoing order items, 2 completed order items
2025-04-24 21:22:58,618 [simulate_environment.py | 231] INFO: java main_algorithm
2025-04-24 21:22:58,868 [simulate_environment.py | 254] INFO: 2025-04-24 03:00:00, Item 0247500004-1: state = 1 < 2, we can not finish the simulation
2025-04-24 21:22:58,868 [simulate_environment.py | 99] INFO: **************************************************
2025-04-24 21:22:58,868 [simulate_environment.py | 103] INFO: cur time: 2025-04-24 03:10:00, pre time: 2025-04-24 03:00:00
2025-04-24 21:22:58,869 [simulate_environment.py | 140] INFO: Start to update the input of 2025-04-24 03:10:00
2025-04-24 21:22:58,882 [simulate_environment.py | 167] INFO: Get 19 unallocated order items, 2 ongoing order items, 2 completed order items
2025-04-24 21:22:58,884 [simulate_environment.py | 231] INFO: java main_algorithm
2025-04-24 21:22:59,151 [simulate_environment.py | 254] INFO: 2025-04-24 03:10:00, Item 0247500004-1: state = 1 < 2, we can not finish the simulation
2025-04-24 21:22:59,152 [simulate_environment.py | 99] INFO: **************************************************
2025-04-24 21:22:59,152 [simulate_environment.py | 103] INFO: cur time: 2025-04-24 03:20:00, pre time: 2025-04-24 03:10:00
2025-04-24 21:22:59,152 [simulate_environment.py | 140] INFO: Start to update the input of 2025-04-24 03:20:00
2025-04-24 21:22:59,163 [simulate_environment.py | 167] INFO: Get 20 unallocated order items, 2 ongoing order items, 2 completed order items
2025-04-24 21:22:59,165 [simulate_environment.py | 231] INFO: java main_algorithm
2025-04-24 21:22:59,409 [simulate_environment.py | 254] INFO: 2025-04-24 03:20:00, Item 0247500004-1: state = 1 < 2, we can not finish the simulation
2025-04-24 21:22:59,410 [simulate_environment.py | 99] INFO: **************************************************
2025-04-24 21:22:59,410 [simulate_environment.py | 103] INFO: cur time: 2025-04-24 03:30:00, pre time: 2025-04-24 03:20:00
2025-04-24 21:22:59,410 [simulate_environment.py | 140] INFO: Start to update the input of 2025-04-24 03:30:00
2025-04-24 21:22:59,413 [simulate_environment.py | 167] INFO: Get 21 unallocated order items, 1 ongoing order items, 3 completed order items
2025-04-24 21:22:59,414 [simulate_environment.py | 231] INFO: java main_algorithm
2025-04-24 21:22:59,694 [simulate_environment.py | 254] INFO: 2025-04-24 03:30:00, Item 0247500004-1: state = 1 < 2, we can not finish the simulation
2025-04-24 21:22:59,694 [simulate_environment.py | 99] INFO: **************************************************
2025-04-24 21:22:59,694 [simulate_environment.py | 103] INFO: cur time: 2025-04-24 03:40:00, pre time: 2025-04-24 03:30:00
2025-04-24 21:22:59,694 [simulate_environment.py | 140] INFO: Start to update the input of 2025-04-24 03:40:00
2025-04-24 21:22:59,695 [simulate_environment.py | 167] INFO: Get 21 unallocated order items, 1 ongoing order items, 3 completed order items
2025-04-24 21:22:59,697 [simulate_environment.py | 231] INFO: java main_algorithm
2025-04-24 21:22:59,917 [simulate_environment.py | 254] INFO: 2025-04-24 03:40:00, Item 0247500004-1: state = 1 < 2, we can not finish the simulation
2025-04-24 21:22:59,917 [simulate_environment.py | 99] INFO: **************************************************
2025-04-24 21:22:59,917 [simulate_environment.py | 103] INFO: cur time: 2025-04-24 03:50:00, pre time: 2025-04-24 03:40:00
2025-04-24 21:22:59,917 [simulate_environment.py | 140] INFO: Start to update the input of 2025-04-24 03:50:00
2025-04-24 21:22:59,929 [simulate_environment.py | 167] INFO: Get 22 unallocated order items, 1 ongoing order items, 3 completed order items
2025-04-24 21:22:59,931 [simulate_environment.py | 231] INFO: java main_algorithm
2025-04-24 21:23:00,163 [simulate_environment.py | 254] INFO: 2025-04-24 03:50:00, Item 0247500004-1: state = 1 < 2, we can not finish the simulation
2025-04-24 21:23:00,163 [simulate_environment.py | 99] INFO: **************************************************
2025-04-24 21:23:00,163 [simulate_environment.py | 103] INFO: cur time: 2025-04-24 04:00:00, pre time: 2025-04-24 03:50:00
2025-04-24 21:23:00,164 [simulate_environment.py | 140] INFO: Start to update the input of 2025-04-24 04:00:00
2025-04-24 21:23:00,178 [simulate_environment.py | 167] INFO: Get 23 unallocated order items, 0 ongoing order items, 4 completed order items
2025-04-24 21:23:00,180 [simulate_environment.py | 231] INFO: java main_algorithm
2025-04-24 21:23:00,407 [simulate_environment.py | 254] INFO: 2025-04-24 04:00:00, Item 0247500004-1: state = 1 < 2, we can not finish the simulation
2025-04-24 21:23:00,407 [simulate_environment.py | 99] INFO: **************************************************
2025-04-24 21:23:00,407 [simulate_environment.py | 103] INFO: cur time: 2025-04-24 04:10:00, pre time: 2025-04-24 04:00:00
2025-04-24 21:23:00,407 [simulate_environment.py | 140] INFO: Start to update the input of 2025-04-24 04:10:00
2025-04-24 21:23:00,413 [simulate_environment.py | 167] INFO: Get 23 unallocated order items, 0 ongoing order items, 4 completed order items
2025-04-24 21:23:00,415 [simulate_environment.py | 231] INFO: java main_algorithm
2025-04-24 21:23:00,635 [simulate_environment.py | 254] INFO: 2025-04-24 04:10:00, Item 0247500004-1: state = 1 < 2, we can not finish the simulation
2025-04-24 21:23:00,635 [simulate_environment.py | 99] INFO: **************************************************
2025-04-24 21:23:00,635 [simulate_environment.py | 103] INFO: cur time: 2025-04-24 04:20:00, pre time: 2025-04-24 04:10:00
2025-04-24 21:23:00,635 [simulate_environment.py | 140] INFO: Start to update the input of 2025-04-24 04:20:00
2025-04-24 21:23:00,647 [simulate_environment.py | 167] INFO: Get 21 unallocated order items, 3 ongoing order items, 4 completed order items
2025-04-24 21:23:00,649 [simulate_environment.py | 231] INFO: java main_algorithm
2025-04-24 21:23:00,892 [simulate_environment.py | 254] INFO: 2025-04-24 04:20:00, Item 0247500004-1: state = 1 < 2, we can not finish the simulation
2025-04-24 21:23:00,893 [simulate_environment.py | 99] INFO: **************************************************
2025-04-24 21:23:00,893 [simulate_environment.py | 103] INFO: cur time: 2025-04-24 04:30:00, pre time: 2025-04-24 04:20:00
2025-04-24 21:23:00,893 [simulate_environment.py | 140] INFO: Start to update the input of 2025-04-24 04:30:00
2025-04-24 21:23:00,897 [simulate_environment.py | 167] INFO: Get 20 unallocated order items, 4 ongoing order items, 4 completed order items
2025-04-24 21:23:00,899 [simulate_environment.py | 231] INFO: java main_algorithm
2025-04-24 21:23:01,125 [simulate_environment.py | 254] INFO: 2025-04-24 04:30:00, Item 0247500004-1: state = 1 < 2, we can not finish the simulation
2025-04-24 21:23:01,126 [simulate_environment.py | 99] INFO: **************************************************
2025-04-24 21:23:01,126 [simulate_environment.py | 103] INFO: cur time: 2025-04-24 04:40:00, pre time: 2025-04-24 04:30:00
2025-04-24 21:23:01,126 [simulate_environment.py | 140] INFO: Start to update the input of 2025-04-24 04:40:00
2025-04-24 21:23:01,132 [simulate_environment.py | 167] INFO: Get 21 unallocated order items, 4 ongoing order items, 4 completed order items
2025-04-24 21:23:01,134 [simulate_environment.py | 231] INFO: java main_algorithm
2025-04-24 21:23:01,353 [simulate_environment.py | 254] INFO: 2025-04-24 04:40:00, Item 0247500004-1: state = 1 < 2, we can not finish the simulation
2025-04-24 21:23:01,354 [simulate_environment.py | 99] INFO: **************************************************
2025-04-24 21:23:01,354 [simulate_environment.py | 103] INFO: cur time: 2025-04-24 04:50:00, pre time: 2025-04-24 04:40:00
2025-04-24 21:23:01,354 [simulate_environment.py | 140] INFO: Start to update the input of 2025-04-24 04:50:00
2025-04-24 21:23:01,366 [simulate_environment.py | 167] INFO: Get 3 unallocated order items, 23 ongoing order items, 4 completed order items
2025-04-24 21:23:01,368 [simulate_environment.py | 231] INFO: java main_algorithm
2025-04-24 21:23:01,594 [simulate_environment.py | 254] INFO: 2025-04-24 04:50:00, Item 0416500009-1: state = 1 < 2, we can not finish the simulation
2025-04-24 21:23:01,595 [simulate_environment.py | 99] INFO: **************************************************
2025-04-24 21:23:01,595 [simulate_environment.py | 103] INFO: cur time: 2025-04-24 05:00:00, pre time: 2025-04-24 04:50:00
2025-04-24 21:23:01,595 [simulate_environment.py | 140] INFO: Start to update the input of 2025-04-24 05:00:00
2025-04-24 21:23:01,601 [simulate_environment.py | 167] INFO: Get 3 unallocated order items, 23 ongoing order items, 4 completed order items
2025-04-24 21:23:01,603 [simulate_environment.py | 231] INFO: java main_algorithm
2025-04-24 21:23:01,818 [simulate_environment.py | 254] INFO: 2025-04-24 05:00:00, Item 0416500009-1: state = 1 < 2, we can not finish the simulation
2025-04-24 21:23:01,819 [simulate_environment.py | 99] INFO: **************************************************
2025-04-24 21:23:01,819 [simulate_environment.py | 103] INFO: cur time: 2025-04-24 05:10:00, pre time: 2025-04-24 05:00:00
2025-04-24 21:23:01,819 [simulate_environment.py | 140] INFO: Start to update the input of 2025-04-24 05:10:00
2025-04-24 21:23:01,820 [simulate_environment.py | 167] INFO: Get 2 unallocated order items, 21 ongoing order items, 7 completed order items
2025-04-24 21:23:01,822 [simulate_environment.py | 231] INFO: java main_algorithm
2025-04-24 21:23:02,045 [simulate_environment.py | 254] INFO: 2025-04-24 05:10:00, Item 0435430010-1: state = 1 < 2, we can not finish the simulation
2025-04-24 21:23:02,046 [simulate_environment.py | 99] INFO: **************************************************
2025-04-24 21:23:02,046 [simulate_environment.py | 103] INFO: cur time: 2025-04-24 05:20:00, pre time: 2025-04-24 05:10:00
2025-04-24 21:23:02,046 [simulate_environment.py | 140] INFO: Start to update the input of 2025-04-24 05:20:00
2025-04-24 21:23:02,064 [simulate_environment.py | 167] INFO: Get 2 unallocated order items, 21 ongoing order items, 7 completed order items
2025-04-24 21:23:02,066 [simulate_environment.py | 231] INFO: java main_algorithm
2025-04-24 21:23:02,285 [simulate_environment.py | 254] INFO: 2025-04-24 05:20:00, Item 0435430010-1: state = 1 < 2, we can not finish the simulation
2025-04-24 21:23:02,286 [simulate_environment.py | 99] INFO: **************************************************
2025-04-24 21:23:02,286 [simulate_environment.py | 103] INFO: cur time: 2025-04-24 05:30:00, pre time: 2025-04-24 05:20:00
2025-04-24 21:23:02,286 [simulate_environment.py | 140] INFO: Start to update the input of 2025-04-24 05:30:00
2025-04-24 21:23:02,288 [simulate_environment.py | 167] INFO: Get 2 unallocated order items, 21 ongoing order items, 7 completed order items
2025-04-24 21:23:02,289 [simulate_environment.py | 231] INFO: java main_algorithm
2025-04-24 21:23:02,501 [simulate_environment.py | 254] INFO: 2025-04-24 05:30:00, Item 0435430010-1: state = 1 < 2, we can not finish the simulation
2025-04-24 21:23:02,502 [simulate_environment.py | 99] INFO: **************************************************
2025-04-24 21:23:02,502 [simulate_environment.py | 103] INFO: cur time: 2025-04-24 05:40:00, pre time: 2025-04-24 05:30:00
2025-04-24 21:23:02,502 [simulate_environment.py | 140] INFO: Start to update the input of 2025-04-24 05:40:00
2025-04-24 21:23:02,506 [simulate_environment.py | 167] INFO: Get 2 unallocated order items, 21 ongoing order items, 7 completed order items
2025-04-24 21:23:02,507 [simulate_environment.py | 231] INFO: java main_algorithm
2025-04-24 21:23:02,749 [simulate_environment.py | 254] INFO: 2025-04-24 05:40:00, Item 0435430010-1: state = 1 < 2, we can not finish the simulation
2025-04-24 21:23:02,749 [simulate_environment.py | 99] INFO: **************************************************
2025-04-24 21:23:02,750 [simulate_environment.py | 103] INFO: cur time: 2025-04-24 05:50:00, pre time: 2025-04-24 05:40:00
2025-04-24 21:23:02,750 [simulate_environment.py | 140] INFO: Start to update the input of 2025-04-24 05:50:00
2025-04-24 21:23:02,756 [simulate_environment.py | 167] INFO: Get 4 unallocated order items, 21 ongoing order items, 7 completed order items
2025-04-24 21:23:02,758 [simulate_environment.py | 231] INFO: java main_algorithm
2025-04-24 21:23:03,018 [simulate_environment.py | 254] INFO: 2025-04-24 05:50:00, Item 0435430010-1: state = 1 < 2, we can not finish the simulation
2025-04-24 21:23:03,018 [simulate_environment.py | 99] INFO: **************************************************
2025-04-24 21:23:03,018 [simulate_environment.py | 103] INFO: cur time: 2025-04-24 06:00:00, pre time: 2025-04-24 05:50:00
2025-04-24 21:23:03,018 [simulate_environment.py | 140] INFO: Start to update the input of 2025-04-24 06:00:00
2025-04-24 21:23:03,022 [simulate_environment.py | 167] INFO: Get 3 unallocated order items, 22 ongoing order items, 7 completed order items
2025-04-24 21:23:03,024 [simulate_environment.py | 231] INFO: java main_algorithm
2025-04-24 21:23:03,288 [simulate_environment.py | 254] INFO: 2025-04-24 06:00:00, Item 0448050011-1: state = 1 < 2, we can not finish the simulation
2025-04-24 21:23:03,289 [simulate_environment.py | 99] INFO: **************************************************
2025-04-24 21:23:03,289 [simulate_environment.py | 103] INFO: cur time: 2025-04-24 06:10:00, pre time: 2025-04-24 06:00:00
2025-04-24 21:23:03,289 [simulate_environment.py | 140] INFO: Start to update the input of 2025-04-24 06:10:00
2025-04-24 21:23:03,304 [simulate_environment.py | 167] INFO: Get 11 unallocated order items, 22 ongoing order items, 7 completed order items
2025-04-24 21:23:03,305 [simulate_environment.py | 231] INFO: java main_algorithm
2025-04-24 21:23:03,597 [simulate_environment.py | 254] INFO: 2025-04-24 06:10:00, Item 0448050011-1: state = 1 < 2, we can not finish the simulation
2025-04-24 21:23:03,598 [simulate_environment.py | 99] INFO: **************************************************
2025-04-24 21:23:03,598 [simulate_environment.py | 103] INFO: cur time: 2025-04-24 06:20:00, pre time: 2025-04-24 06:10:00
2025-04-24 21:23:03,598 [simulate_environment.py | 140] INFO: Start to update the input of 2025-04-24 06:20:00
2025-04-24 21:23:03,600 [simulate_environment.py | 167] INFO: Get 18 unallocated order items, 23 ongoing order items, 7 completed order items
2025-04-24 21:23:03,602 [simulate_environment.py | 231] INFO: java main_algorithm
2025-04-24 21:23:03,870 [simulate_environment.py | 254] INFO: 2025-04-24 06:20:00, Item 0540390012-1: state = 1 < 2, we can not finish the simulation
2025-04-24 21:23:03,870 [simulate_environment.py | 99] INFO: **************************************************
2025-04-24 21:23:03,871 [simulate_environment.py | 103] INFO: cur time: 2025-04-24 06:30:00, pre time: 2025-04-24 06:20:00
2025-04-24 21:23:03,871 [simulate_environment.py | 140] INFO: Start to update the input of 2025-04-24 06:30:00
2025-04-24 21:23:03,882 [simulate_environment.py | 167] INFO: Get 18 unallocated order items, 4 ongoing order items, 26 completed order items
2025-04-24 21:23:03,883 [simulate_environment.py | 231] INFO: java main_algorithm
2025-04-24 21:23:04,150 [simulate_environment.py | 254] INFO: 2025-04-24 06:30:00, Item 0540390012-1: state = 1 < 2, we can not finish the simulation
2025-04-24 21:23:04,150 [simulate_environment.py | 99] INFO: **************************************************
2025-04-24 21:23:04,151 [simulate_environment.py | 103] INFO: cur time: 2025-04-24 06:40:00, pre time: 2025-04-24 06:30:00
2025-04-24 21:23:04,151 [simulate_environment.py | 140] INFO: Start to update the input of 2025-04-24 06:40:00
2025-04-24 21:23:04,163 [simulate_environment.py | 167] INFO: Get 20 unallocated order items, 2 ongoing order items, 28 completed order items
2025-04-24 21:23:04,165 [simulate_environment.py | 231] INFO: java main_algorithm
2025-04-24 21:23:04,458 [simulate_environment.py | 254] INFO: 2025-04-24 06:40:00, Item 0540390012-1: state = 1 < 2, we can not finish the simulation
2025-04-24 21:23:04,459 [simulate_environment.py | 99] INFO: **************************************************
2025-04-24 21:23:04,459 [simulate_environment.py | 103] INFO: cur time: 2025-04-24 06:50:00, pre time: 2025-04-24 06:40:00
2025-04-24 21:23:04,459 [simulate_environment.py | 140] INFO: Start to update the input of 2025-04-24 06:50:00
2025-04-24 21:23:04,475 [simulate_environment.py | 167] INFO: Get 20 unallocated order items, 2 ongoing order items, 28 completed order items
2025-04-24 21:23:04,476 [simulate_environment.py | 231] INFO: java main_algorithm
2025-04-24 21:23:04,718 [simulate_environment.py | 254] INFO: 2025-04-24 06:50:00, Item 0540390012-1: state = 1 < 2, we can not finish the simulation
2025-04-24 21:23:04,718 [simulate_environment.py | 99] INFO: **************************************************
2025-04-24 21:23:04,719 [simulate_environment.py | 103] INFO: cur time: 2025-04-24 07:00:00, pre time: 2025-04-24 06:50:00
2025-04-24 21:23:04,719 [simulate_environment.py | 140] INFO: Start to update the input of 2025-04-24 07:00:00
2025-04-24 21:23:04,725 [simulate_environment.py | 167] INFO: Get 20 unallocated order items, 2 ongoing order items, 28 completed order items
2025-04-24 21:23:04,727 [simulate_environment.py | 231] INFO: java main_algorithm
2025-04-24 21:23:05,028 [simulate_environment.py | 254] INFO: 2025-04-24 07:00:00, Item 0540390012-1: state = 1 < 2, we can not finish the simulation
2025-04-24 21:23:05,028 [simulate_environment.py | 99] INFO: **************************************************
2025-04-24 21:23:05,028 [simulate_environment.py | 103] INFO: cur time: 2025-04-24 07:10:00, pre time: 2025-04-24 07:00:00
2025-04-24 21:23:05,028 [simulate_environment.py | 140] INFO: Start to update the input of 2025-04-24 07:10:00
2025-04-24 21:23:05,038 [simulate_environment.py | 167] INFO: Get 20 unallocated order items, 1 ongoing order items, 29 completed order items
2025-04-24 21:23:05,040 [simulate_environment.py | 231] INFO: java main_algorithm
2025-04-24 21:23:05,330 [simulate_environment.py | 254] INFO: 2025-04-24 07:10:00, Item 0540390012-1: state = 1 < 2, we can not finish the simulation
2025-04-24 21:23:05,331 [simulate_environment.py | 99] INFO: **************************************************
2025-04-24 21:23:05,331 [simulate_environment.py | 103] INFO: cur time: 2025-04-24 07:20:00, pre time: 2025-04-24 07:10:00
2025-04-24 21:23:05,331 [simulate_environment.py | 140] INFO: Start to update the input of 2025-04-24 07:20:00
2025-04-24 21:23:05,335 [simulate_environment.py | 167] INFO: Get 20 unallocated order items, 1 ongoing order items, 29 completed order items
2025-04-24 21:23:05,337 [simulate_environment.py | 231] INFO: java main_algorithm
2025-04-24 21:23:05,569 [simulate_environment.py | 254] INFO: 2025-04-24 07:20:00, Item 0540390012-1: state = 1 < 2, we can not finish the simulation
2025-04-24 21:23:05,569 [simulate_environment.py | 99] INFO: **************************************************
2025-04-24 21:23:05,569 [simulate_environment.py | 103] INFO: cur time: 2025-04-24 07:30:00, pre time: 2025-04-24 07:20:00
2025-04-24 21:23:05,569 [simulate_environment.py | 140] INFO: Start to update the input of 2025-04-24 07:30:00
2025-04-24 21:23:05,584 [simulate_environment.py | 167] INFO: Get 14 unallocated order items, 9 ongoing order items, 29 completed order items
2025-04-24 21:23:05,586 [simulate_environment.py | 231] INFO: java main_algorithm
2025-04-24 21:23:05,869 [simulate_environment.py | 254] INFO: 2025-04-24 07:30:00, Item 0540390012-1: state = 1 < 2, we can not finish the simulation
2025-04-24 21:23:05,869 [simulate_environment.py | 99] INFO: **************************************************
2025-04-24 21:23:05,869 [simulate_environment.py | 103] INFO: cur time: 2025-04-24 07:40:00, pre time: 2025-04-24 07:30:00
2025-04-24 21:23:05,869 [simulate_environment.py | 140] INFO: Start to update the input of 2025-04-24 07:40:00
2025-04-24 21:23:05,882 [simulate_environment.py | 167] INFO: Get 14 unallocated order items, 9 ongoing order items, 29 completed order items
2025-04-24 21:23:05,884 [simulate_environment.py | 231] INFO: java main_algorithm
2025-04-24 21:23:06,118 [simulate_environment.py | 254] INFO: 2025-04-24 07:40:00, Item 0540390012-1: state = 1 < 2, we can not finish the simulation
2025-04-24 21:23:06,118 [simulate_environment.py | 99] INFO: **************************************************
2025-04-24 21:23:06,118 [simulate_environment.py | 103] INFO: cur time: 2025-04-24 07:50:00, pre time: 2025-04-24 07:40:00
2025-04-24 21:23:06,119 [simulate_environment.py | 140] INFO: Start to update the input of 2025-04-24 07:50:00
2025-04-24 21:23:06,131 [simulate_environment.py | 167] INFO: Get 14 unallocated order items, 9 ongoing order items, 29 completed order items
2025-04-24 21:23:06,133 [simulate_environment.py | 231] INFO: java main_algorithm
2025-04-24 21:23:06,368 [simulate_environment.py | 254] INFO: 2025-04-24 07:50:00, Item 0540390012-1: state = 1 < 2, we can not finish the simulation
2025-04-24 21:23:06,369 [simulate_environment.py | 99] INFO: **************************************************
2025-04-24 21:23:06,369 [simulate_environment.py | 103] INFO: cur time: 2025-04-24 08:00:00, pre time: 2025-04-24 07:50:00
2025-04-24 21:23:06,369 [simulate_environment.py | 140] INFO: Start to update the input of 2025-04-24 08:00:00
2025-04-24 21:23:06,381 [simulate_environment.py | 167] INFO: Get 12 unallocated order items, 9 ongoing order items, 31 completed order items
2025-04-24 21:23:06,383 [simulate_environment.py | 231] INFO: java main_algorithm
2025-04-24 21:23:06,667 [simulate_environment.py | 254] INFO: 2025-04-24 08:00:00, Item 0540390012-1: state = 1 < 2, we can not finish the simulation
2025-04-24 21:23:06,667 [simulate_environment.py | 99] INFO: **************************************************
2025-04-24 21:23:06,667 [simulate_environment.py | 103] INFO: cur time: 2025-04-24 08:10:00, pre time: 2025-04-24 08:00:00
2025-04-24 21:23:06,668 [simulate_environment.py | 140] INFO: Start to update the input of 2025-04-24 08:10:00
2025-04-24 21:23:06,678 [simulate_environment.py | 167] INFO: Get 12 unallocated order items, 9 ongoing order items, 31 completed order items
2025-04-24 21:23:06,680 [simulate_environment.py | 231] INFO: java main_algorithm
2025-04-24 21:23:06,895 [simulate_environment.py | 254] INFO: 2025-04-24 08:10:00, Item 0540390012-1: state = 1 < 2, we can not finish the simulation
2025-04-24 21:23:06,895 [simulate_environment.py | 99] INFO: **************************************************
2025-04-24 21:23:06,896 [simulate_environment.py | 103] INFO: cur time: 2025-04-24 08:20:00, pre time: 2025-04-24 08:10:00
2025-04-24 21:23:06,896 [simulate_environment.py | 140] INFO: Start to update the input of 2025-04-24 08:20:00
2025-04-24 21:23:06,898 [simulate_environment.py | 167] INFO: Get 13 unallocated order items, 9 ongoing order items, 31 completed order items
2025-04-24 21:23:06,899 [simulate_environment.py | 231] INFO: java main_algorithm
2025-04-24 21:23:07,149 [simulate_environment.py | 254] INFO: 2025-04-24 08:20:00, Item 0540390012-1: state = 1 < 2, we can not finish the simulation
2025-04-24 21:23:07,150 [simulate_environment.py | 99] INFO: **************************************************
2025-04-24 21:23:07,150 [simulate_environment.py | 103] INFO: cur time: 2025-04-24 08:30:00, pre time: 2025-04-24 08:20:00
2025-04-24 21:23:07,150 [simulate_environment.py | 140] INFO: Start to update the input of 2025-04-24 08:30:00
2025-04-24 21:23:07,163 [simulate_environment.py | 167] INFO: Get 12 unallocated order items, 10 ongoing order items, 31 completed order items
2025-04-24 21:23:07,165 [simulate_environment.py | 231] INFO: java main_algorithm
2025-04-24 21:23:07,420 [simulate_environment.py | 254] INFO: 2025-04-24 08:30:00, Item 0540390012-1: state = 1 < 2, we can not finish the simulation
2025-04-24 21:23:07,420 [simulate_environment.py | 99] INFO: **************************************************
2025-04-24 21:23:07,420 [simulate_environment.py | 103] INFO: cur time: 2025-04-24 08:40:00, pre time: 2025-04-24 08:30:00
2025-04-24 21:23:07,421 [simulate_environment.py | 140] INFO: Start to update the input of 2025-04-24 08:40:00
2025-04-24 21:23:07,429 [simulate_environment.py | 167] INFO: Get 6 unallocated order items, 16 ongoing order items, 31 completed order items
2025-04-24 21:23:07,431 [simulate_environment.py | 231] INFO: java main_algorithm
2025-04-24 21:23:07,677 [simulate_environment.py | 254] INFO: 2025-04-24 08:40:00, Item 0540390012-1: state = 1 < 2, we can not finish the simulation
2025-04-24 21:23:07,677 [simulate_environment.py | 99] INFO: **************************************************
2025-04-24 21:23:07,678 [simulate_environment.py | 103] INFO: cur time: 2025-04-24 08:50:00, pre time: 2025-04-24 08:40:00
2025-04-24 21:23:07,678 [simulate_environment.py | 140] INFO: Start to update the input of 2025-04-24 08:50:00
2025-04-24 21:23:07,679 [simulate_environment.py | 167] INFO: Get 6 unallocated order items, 16 ongoing order items, 31 completed order items
2025-04-24 21:23:07,682 [simulate_environment.py | 231] INFO: java main_algorithm
2025-04-24 21:23:07,926 [simulate_environment.py | 254] INFO: 2025-04-24 08:50:00, Item 0540390012-1: state = 1 < 2, we can not finish the simulation
2025-04-24 21:23:07,927 [simulate_environment.py | 99] INFO: **************************************************
2025-04-24 21:23:07,927 [simulate_environment.py | 103] INFO: cur time: 2025-04-24 09:00:00, pre time: 2025-04-24 08:50:00
2025-04-24 21:23:07,927 [simulate_environment.py | 140] INFO: Start to update the input of 2025-04-24 09:00:00
2025-04-24 21:23:07,928 [simulate_environment.py | 167] INFO: Get 5 unallocated order items, 16 ongoing order items, 32 completed order items
2025-04-24 21:23:07,932 [simulate_environment.py | 231] INFO: java main_algorithm
2025-04-24 21:23:08,233 [simulate_environment.py | 254] INFO: 2025-04-24 09:00:00, Item 0630230018-1: state = 1 < 2, we can not finish the simulation
2025-04-24 21:23:08,233 [simulate_environment.py | 99] INFO: **************************************************
2025-04-24 21:23:08,233 [simulate_environment.py | 103] INFO: cur time: 2025-04-24 09:10:00, pre time: 2025-04-24 09:00:00
2025-04-24 21:23:08,234 [simulate_environment.py | 140] INFO: Start to update the input of 2025-04-24 09:10:00
2025-04-24 21:23:08,241 [simulate_environment.py | 167] INFO: Get 5 unallocated order items, 16 ongoing order items, 32 completed order items
2025-04-24 21:23:08,243 [simulate_environment.py | 231] INFO: java main_algorithm
2025-04-24 21:23:08,482 [simulate_environment.py | 254] INFO: 2025-04-24 09:10:00, Item 0630230018-1: state = 1 < 2, we can not finish the simulation
2025-04-24 21:23:08,482 [simulate_environment.py | 99] INFO: **************************************************
2025-04-24 21:23:08,482 [simulate_environment.py | 103] INFO: cur time: 2025-04-24 09:20:00, pre time: 2025-04-24 09:10:00
2025-04-24 21:23:08,482 [simulate_environment.py | 140] INFO: Start to update the input of 2025-04-24 09:20:00
2025-04-24 21:23:08,491 [simulate_environment.py | 167] INFO: Get 5 unallocated order items, 16 ongoing order items, 32 completed order items
2025-04-24 21:23:08,492 [simulate_environment.py | 231] INFO: java main_algorithm
2025-04-24 21:23:08,701 [simulate_environment.py | 254] INFO: 2025-04-24 09:20:00, Item 0630230018-1: state = 1 < 2, we can not finish the simulation
2025-04-24 21:23:08,701 [simulate_environment.py | 99] INFO: **************************************************
2025-04-24 21:23:08,702 [simulate_environment.py | 103] INFO: cur time: 2025-04-24 09:30:00, pre time: 2025-04-24 09:20:00
2025-04-24 21:23:08,702 [simulate_environment.py | 140] INFO: Start to update the input of 2025-04-24 09:30:00
2025-04-24 21:23:08,710 [simulate_environment.py | 167] INFO: Get 3 unallocated order items, 18 ongoing order items, 32 completed order items
2025-04-24 21:23:08,712 [simulate_environment.py | 231] INFO: java main_algorithm
2025-04-24 21:23:08,998 [simulate_environment.py | 254] INFO: 2025-04-24 09:30:00, Item 0727590019-1: state = 1 < 2, we can not finish the simulation
2025-04-24 21:23:08,999 [simulate_environment.py | 99] INFO: **************************************************
2025-04-24 21:23:08,999 [simulate_environment.py | 103] INFO: cur time: 2025-04-24 09:40:00, pre time: 2025-04-24 09:30:00
2025-04-24 21:23:08,999 [simulate_environment.py | 140] INFO: Start to update the input of 2025-04-24 09:40:00
2025-04-24 21:23:09,007 [simulate_environment.py | 167] INFO: Get 2 unallocated order items, 11 ongoing order items, 40 completed order items
2025-04-24 21:23:09,008 [simulate_environment.py | 231] INFO: java main_algorithm
2025-04-24 21:23:09,246 [simulate_environment.py | 254] INFO: 2025-04-24 09:40:00, Item 0727590019-1: state = 1 < 2, we can not finish the simulation
2025-04-24 21:23:09,247 [simulate_environment.py | 99] INFO: **************************************************
2025-04-24 21:23:09,248 [simulate_environment.py | 103] INFO: cur time: 2025-04-24 09:50:00, pre time: 2025-04-24 09:40:00
2025-04-24 21:23:09,248 [simulate_environment.py | 140] INFO: Start to update the input of 2025-04-24 09:50:00
2025-04-24 21:23:09,257 [simulate_environment.py | 167] INFO: Get 5 unallocated order items, 11 ongoing order items, 40 completed order items
2025-04-24 21:23:09,259 [simulate_environment.py | 231] INFO: java main_algorithm
2025-04-24 21:23:09,500 [simulate_environment.py | 254] INFO: 2025-04-24 09:50:00, Item 0727590019-1: state = 1 < 2, we can not finish the simulation
2025-04-24 21:23:09,500 [simulate_environment.py | 99] INFO: **************************************************
2025-04-24 21:23:09,501 [simulate_environment.py | 103] INFO: cur time: 2025-04-24 10:00:00, pre time: 2025-04-24 09:50:00
2025-04-24 21:23:09,501 [simulate_environment.py | 140] INFO: Start to update the input of 2025-04-24 10:00:00
2025-04-24 21:23:09,507 [simulate_environment.py | 167] INFO: Get 3 unallocated order items, 3 ongoing order items, 50 completed order items
2025-04-24 21:23:09,508 [simulate_environment.py | 231] INFO: java main_algorithm
2025-04-24 21:23:09,738 [simulate_environment.py | 254] INFO: 2025-04-24 10:00:00, Item 0945570021-1: state = 1 < 2, we can not finish the simulation
2025-04-24 21:23:09,739 [simulate_environment.py | 99] INFO: **************************************************
2025-04-24 21:23:09,739 [simulate_environment.py | 103] INFO: cur time: 2025-04-24 10:10:00, pre time: 2025-04-24 10:00:00
2025-04-24 21:23:09,739 [simulate_environment.py | 140] INFO: Start to update the input of 2025-04-24 10:10:00
2025-04-24 21:23:09,741 [simulate_environment.py | 167] INFO: Get 3 unallocated order items, 3 ongoing order items, 50 completed order items
2025-04-24 21:23:09,742 [simulate_environment.py | 231] INFO: java main_algorithm
2025-04-24 21:23:09,964 [simulate_environment.py | 254] INFO: 2025-04-24 10:10:00, Item 0945570021-1: state = 1 < 2, we can not finish the simulation
2025-04-24 21:23:09,965 [simulate_environment.py | 99] INFO: **************************************************
2025-04-24 21:23:09,965 [simulate_environment.py | 103] INFO: cur time: 2025-04-24 10:20:00, pre time: 2025-04-24 10:10:00
2025-04-24 21:23:09,965 [simulate_environment.py | 140] INFO: Start to update the input of 2025-04-24 10:20:00
2025-04-24 21:23:09,975 [simulate_environment.py | 167] INFO: Get 22 unallocated order items, 3 ongoing order items, 50 completed order items
2025-04-24 21:23:09,978 [simulate_environment.py | 231] INFO: java main_algorithm
2025-04-24 21:23:10,234 [simulate_environment.py | 254] INFO: 2025-04-24 10:20:00, Item 0945570021-1: state = 1 < 2, we can not finish the simulation
2025-04-24 21:23:10,235 [simulate_environment.py | 99] INFO: **************************************************
2025-04-24 21:23:10,235 [simulate_environment.py | 103] INFO: cur time: 2025-04-24 10:30:00, pre time: 2025-04-24 10:20:00
2025-04-24 21:23:10,235 [simulate_environment.py | 140] INFO: Start to update the input of 2025-04-24 10:30:00
2025-04-24 21:23:10,241 [simulate_environment.py | 167] INFO: Get 20 unallocated order items, 6 ongoing order items, 50 completed order items
2025-04-24 21:23:10,243 [simulate_environment.py | 231] INFO: java main_algorithm
2025-04-24 21:23:10,501 [simulate_environment.py | 254] INFO: 2025-04-24 10:30:00, Item 0945570021-1: state = 1 < 2, we can not finish the simulation
2025-04-24 21:23:10,502 [simulate_environment.py | 99] INFO: **************************************************
2025-04-24 21:23:10,502 [simulate_environment.py | 103] INFO: cur time: 2025-04-24 10:40:00, pre time: 2025-04-24 10:30:00
2025-04-24 21:23:10,502 [simulate_environment.py | 140] INFO: Start to update the input of 2025-04-24 10:40:00
2025-04-24 21:23:10,507 [simulate_environment.py | 167] INFO: Get 20 unallocated order items, 5 ongoing order items, 51 completed order items
2025-04-24 21:23:10,509 [simulate_environment.py | 231] INFO: java main_algorithm
2025-04-24 21:23:10,746 [simulate_environment.py | 254] INFO: 2025-04-24 10:40:00, Item 0945570021-1: state = 1 < 2, we can not finish the simulation
2025-04-24 21:23:10,747 [simulate_environment.py | 99] INFO: **************************************************
2025-04-24 21:23:10,747 [simulate_environment.py | 103] INFO: cur time: 2025-04-24 10:50:00, pre time: 2025-04-24 10:40:00
2025-04-24 21:23:10,747 [simulate_environment.py | 140] INFO: Start to update the input of 2025-04-24 10:50:00
2025-04-24 21:23:10,756 [simulate_environment.py | 167] INFO: Get 20 unallocated order items, 5 ongoing order items, 51 completed order items
2025-04-24 21:23:10,758 [simulate_environment.py | 231] INFO: java main_algorithm
2025-04-24 21:23:11,038 [simulate_environment.py | 254] INFO: 2025-04-24 10:50:00, Item 0945570021-1: state = 1 < 2, we can not finish the simulation
2025-04-24 21:23:11,038 [simulate_environment.py | 99] INFO: **************************************************
2025-04-24 21:23:11,038 [simulate_environment.py | 103] INFO: cur time: 2025-04-24 11:00:00, pre time: 2025-04-24 10:50:00
2025-04-24 21:23:11,038 [simulate_environment.py | 140] INFO: Start to update the input of 2025-04-24 11:00:00
2025-04-24 21:23:11,053 [simulate_environment.py | 167] INFO: Get 20 unallocated order items, 5 ongoing order items, 51 completed order items
2025-04-24 21:23:11,055 [simulate_environment.py | 231] INFO: java main_algorithm
2025-04-24 21:23:11,286 [simulate_environment.py | 254] INFO: 2025-04-24 11:00:00, Item 0945570021-1: state = 1 < 2, we can not finish the simulation
2025-04-24 21:23:11,287 [simulate_environment.py | 99] INFO: **************************************************
2025-04-24 21:23:11,287 [simulate_environment.py | 103] INFO: cur time: 2025-04-24 11:10:00, pre time: 2025-04-24 11:00:00
2025-04-24 21:23:11,287 [simulate_environment.py | 140] INFO: Start to update the input of 2025-04-24 11:10:00
2025-04-24 21:23:11,288 [simulate_environment.py | 167] INFO: Get 20 unallocated order items, 2 ongoing order items, 54 completed order items
2025-04-24 21:23:11,290 [simulate_environment.py | 231] INFO: java main_algorithm
2025-04-24 21:23:11,560 [simulate_environment.py | 254] INFO: 2025-04-24 11:10:00, Item 0945570021-1: state = 1 < 2, we can not finish the simulation
2025-04-24 21:23:11,561 [simulate_environment.py | 99] INFO: **************************************************
2025-04-24 21:23:11,561 [simulate_environment.py | 103] INFO: cur time: 2025-04-24 11:20:00, pre time: 2025-04-24 11:10:00
2025-04-24 21:23:11,561 [simulate_environment.py | 140] INFO: Start to update the input of 2025-04-24 11:20:00
2025-04-24 21:23:11,569 [simulate_environment.py | 167] INFO: Get 22 unallocated order items, 0 ongoing order items, 56 completed order items
2025-04-24 21:23:11,571 [simulate_environment.py | 231] INFO: java main_algorithm
2025-04-24 21:23:11,877 [simulate_environment.py | 254] INFO: 2025-04-24 11:20:00, Item 0945570021-1: state = 1 < 2, we can not finish the simulation
2025-04-24 21:23:11,878 [simulate_environment.py | 99] INFO: **************************************************
2025-04-24 21:23:11,878 [simulate_environment.py | 103] INFO: cur time: 2025-04-24 11:30:00, pre time: 2025-04-24 11:20:00
2025-04-24 21:23:11,879 [simulate_environment.py | 140] INFO: Start to update the input of 2025-04-24 11:30:00
2025-04-24 21:23:11,881 [simulate_environment.py | 167] INFO: Get 23 unallocated order items, 0 ongoing order items, 56 completed order items
2025-04-24 21:23:11,883 [simulate_environment.py | 231] INFO: java main_algorithm
2025-04-24 21:23:12,137 [simulate_environment.py | 254] INFO: 2025-04-24 11:30:00, Item 0945570021-1: state = 1 < 2, we can not finish the simulation
2025-04-24 21:23:12,138 [simulate_environment.py | 99] INFO: **************************************************
2025-04-24 21:23:12,138 [simulate_environment.py | 103] INFO: cur time: 2025-04-24 11:40:00, pre time: 2025-04-24 11:30:00
2025-04-24 21:23:12,138 [simulate_environment.py | 140] INFO: Start to update the input of 2025-04-24 11:40:00
2025-04-24 21:23:12,147 [simulate_environment.py | 167] INFO: Get 22 unallocated order items, 2 ongoing order items, 56 completed order items
2025-04-24 21:23:12,149 [simulate_environment.py | 231] INFO: java main_algorithm
2025-04-24 21:23:12,404 [simulate_environment.py | 254] INFO: 2025-04-24 11:40:00, Item 0945570021-1: state = 1 < 2, we can not finish the simulation
2025-04-24 21:23:12,404 [simulate_environment.py | 99] INFO: **************************************************
2025-04-24 21:23:12,404 [simulate_environment.py | 103] INFO: cur time: 2025-04-24 11:50:00, pre time: 2025-04-24 11:40:00
2025-04-24 21:23:12,404 [simulate_environment.py | 140] INFO: Start to update the input of 2025-04-24 11:50:00
2025-04-24 21:23:12,413 [simulate_environment.py | 167] INFO: Get 21 unallocated order items, 3 ongoing order items, 56 completed order items
2025-04-24 21:23:12,415 [simulate_environment.py | 231] INFO: java main_algorithm
2025-04-24 21:23:12,698 [simulate_environment.py | 254] INFO: 2025-04-24 11:50:00, Item 0945570021-1: state = 1 < 2, we can not finish the simulation
2025-04-24 21:23:12,699 [simulate_environment.py | 99] INFO: **************************************************
2025-04-24 21:23:12,699 [simulate_environment.py | 103] INFO: cur time: 2025-04-24 12:00:00, pre time: 2025-04-24 11:50:00
2025-04-24 21:23:12,699 [simulate_environment.py | 140] INFO: Start to update the input of 2025-04-24 12:00:00
2025-04-24 21:23:12,710 [simulate_environment.py | 167] INFO: Get 7 unallocated order items, 18 ongoing order items, 56 completed order items
2025-04-24 21:23:12,712 [simulate_environment.py | 231] INFO: java main_algorithm
2025-04-24 21:23:12,994 [simulate_environment.py | 254] INFO: 2025-04-24 12:00:00, Item 0945570021-1: state = 1 < 2, we can not finish the simulation
2025-04-24 21:23:12,994 [simulate_environment.py | 99] INFO: **************************************************
2025-04-24 21:23:12,995 [simulate_environment.py | 103] INFO: cur time: 2025-04-24 12:10:00, pre time: 2025-04-24 12:00:00
2025-04-24 21:23:12,995 [simulate_environment.py | 140] INFO: Start to update the input of 2025-04-24 12:10:00
2025-04-24 21:23:13,007 [simulate_environment.py | 167] INFO: Get 7 unallocated order items, 17 ongoing order items, 57 completed order items
2025-04-24 21:23:13,009 [simulate_environment.py | 231] INFO: java main_algorithm
2025-04-24 21:23:13,295 [simulate_environment.py | 254] INFO: 2025-04-24 12:10:00, Item 0945570021-1: state = 1 < 2, we can not finish the simulation
2025-04-24 21:23:13,295 [simulate_environment.py | 99] INFO: **************************************************
2025-04-24 21:23:13,296 [simulate_environment.py | 103] INFO: cur time: 2025-04-24 12:20:00, pre time: 2025-04-24 12:10:00
2025-04-24 21:23:13,296 [simulate_environment.py | 140] INFO: Start to update the input of 2025-04-24 12:20:00
2025-04-24 21:23:13,303 [simulate_environment.py | 167] INFO: Get 7 unallocated order items, 17 ongoing order items, 57 completed order items
2025-04-24 21:23:13,305 [simulate_environment.py | 231] INFO: java main_algorithm
2025-04-24 21:23:13,510 [simulate_environment.py | 254] INFO: 2025-04-24 12:20:00, Item 0945570021-1: state = 1 < 2, we can not finish the simulation
2025-04-24 21:23:13,510 [simulate_environment.py | 99] INFO: **************************************************
2025-04-24 21:23:13,510 [simulate_environment.py | 103] INFO: cur time: 2025-04-24 12:30:00, pre time: 2025-04-24 12:20:00
2025-04-24 21:23:13,510 [simulate_environment.py | 140] INFO: Start to update the input of 2025-04-24 12:30:00
2025-04-24 21:23:13,522 [simulate_environment.py | 167] INFO: Get 2 unallocated order items, 21 ongoing order items, 58 completed order items
2025-04-24 21:23:13,524 [simulate_environment.py | 231] INFO: java main_algorithm
2025-04-24 21:23:13,788 [simulate_environment.py | 254] INFO: 2025-04-24 12:30:00, Item 1115410026-1: state = 1 < 2, we can not finish the simulation
2025-04-24 21:23:13,789 [simulate_environment.py | 99] INFO: **************************************************
2025-04-24 21:23:13,789 [simulate_environment.py | 103] INFO: cur time: 2025-04-24 12:40:00, pre time: 2025-04-24 12:30:00
2025-04-24 21:23:13,789 [simulate_environment.py | 140] INFO: Start to update the input of 2025-04-24 12:40:00
2025-04-24 21:23:13,804 [simulate_environment.py | 167] INFO: Get 2 unallocated order items, 21 ongoing order items, 58 completed order items
2025-04-24 21:23:13,805 [simulate_environment.py | 231] INFO: java main_algorithm
2025-04-24 21:23:14,055 [simulate_environment.py | 254] INFO: 2025-04-24 12:40:00, Item 1115410026-1: state = 1 < 2, we can not finish the simulation
2025-04-24 21:23:14,055 [simulate_environment.py | 99] INFO: **************************************************
2025-04-24 21:23:14,055 [simulate_environment.py | 103] INFO: cur time: 2025-04-24 12:50:00, pre time: 2025-04-24 12:40:00
2025-04-24 21:23:14,056 [simulate_environment.py | 140] INFO: Start to update the input of 2025-04-24 12:50:00
2025-04-24 21:23:14,069 [simulate_environment.py | 167] INFO: Get 1 unallocated order items, 22 ongoing order items, 58 completed order items
2025-04-24 21:23:14,070 [simulate_environment.py | 231] INFO: java main_algorithm
2025-04-24 21:23:14,299 [simulate_environment.py | 254] INFO: 2025-04-24 12:50:00, Item 1138480028-1: state = 1 < 2, we can not finish the simulation
2025-04-24 21:23:14,299 [simulate_environment.py | 99] INFO: **************************************************
2025-04-24 21:23:14,299 [simulate_environment.py | 103] INFO: cur time: 2025-04-24 13:00:00, pre time: 2025-04-24 12:50:00
2025-04-24 21:23:14,299 [simulate_environment.py | 140] INFO: Start to update the input of 2025-04-24 13:00:00
2025-04-24 21:23:14,303 [simulate_environment.py | 167] INFO: Get 1 unallocated order items, 22 ongoing order items, 58 completed order items
2025-04-24 21:23:14,305 [simulate_environment.py | 231] INFO: java main_algorithm
2025-04-24 21:23:14,557 [simulate_environment.py | 254] INFO: 2025-04-24 13:00:00, Item 1138480028-1: state = 1 < 2, we can not finish the simulation
2025-04-24 21:23:14,557 [simulate_environment.py | 99] INFO: **************************************************
2025-04-24 21:23:14,558 [simulate_environment.py | 103] INFO: cur time: 2025-04-24 13:10:00, pre time: 2025-04-24 13:00:00
2025-04-24 21:23:14,558 [simulate_environment.py | 140] INFO: Start to update the input of 2025-04-24 13:10:00
2025-04-24 21:23:14,569 [simulate_environment.py | 167] INFO: Get 1 unallocated order items, 21 ongoing order items, 59 completed order items
2025-04-24 21:23:14,570 [simulate_environment.py | 231] INFO: java main_algorithm
2025-04-24 21:23:14,803 [simulate_environment.py | 254] INFO: 2025-04-24 13:10:00, Item 1138480028-1: state = 1 < 2, we can not finish the simulation
2025-04-24 21:23:14,804 [simulate_environment.py | 99] INFO: **************************************************
2025-04-24 21:23:14,804 [simulate_environment.py | 103] INFO: cur time: 2025-04-24 13:20:00, pre time: 2025-04-24 13:10:00
2025-04-24 21:23:14,804 [simulate_environment.py | 140] INFO: Start to update the input of 2025-04-24 13:20:00
2025-04-24 21:23:14,819 [simulate_environment.py | 167] INFO: Get 1 unallocated order items, 20 ongoing order items, 60 completed order items
2025-04-24 21:23:14,822 [simulate_environment.py | 231] INFO: java main_algorithm
2025-04-24 21:23:15,196 [simulate_environment.py | 254] INFO: 2025-04-24 13:20:00, Item 1138480028-1: state = 1 < 2, we can not finish the simulation
2025-04-24 21:23:15,196 [simulate_environment.py | 99] INFO: **************************************************
2025-04-24 21:23:15,196 [simulate_environment.py | 103] INFO: cur time: 2025-04-24 13:30:00, pre time: 2025-04-24 13:20:00
2025-04-24 21:23:15,196 [simulate_environment.py | 140] INFO: Start to update the input of 2025-04-24 13:30:00
2025-04-24 21:23:15,210 [simulate_environment.py | 167] INFO: Get 1 unallocated order items, 5 ongoing order items, 75 completed order items
2025-04-24 21:23:15,213 [simulate_environment.py | 231] INFO: java main_algorithm
2025-04-24 21:23:15,521 [simulate_environment.py | 254] INFO: 2025-04-24 13:30:00, Item 1138480028-1: state = 1 < 2, we can not finish the simulation
2025-04-24 21:23:15,522 [simulate_environment.py | 99] INFO: **************************************************
2025-04-24 21:23:15,522 [simulate_environment.py | 103] INFO: cur time: 2025-04-24 13:40:00, pre time: 2025-04-24 13:30:00
2025-04-24 21:23:15,522 [simulate_environment.py | 140] INFO: Start to update the input of 2025-04-24 13:40:00
2025-04-24 21:23:15,538 [simulate_environment.py | 167] INFO: Get 0 unallocated order items, 2 ongoing order items, 79 completed order items
2025-04-24 21:23:15,541 [simulate_environment.py | 231] INFO: java main_algorithm
2025-04-24 21:23:15,898 [simulate_environment.py | 254] INFO: 2025-04-24 13:40:00, Item 1347420030-1: state = 0 < 2, we can not finish the simulation
2025-04-24 21:23:15,899 [simulate_environment.py | 99] INFO: **************************************************
2025-04-24 21:23:15,899 [simulate_environment.py | 103] INFO: cur time: 2025-04-24 13:50:00, pre time: 2025-04-24 13:40:00
2025-04-24 21:23:15,899 [simulate_environment.py | 140] INFO: Start to update the input of 2025-04-24 13:50:00
2025-04-24 21:23:15,913 [simulate_environment.py | 167] INFO: Get 1 unallocated order items, 2 ongoing order items, 79 completed order items
2025-04-24 21:23:15,915 [simulate_environment.py | 231] INFO: java main_algorithm
2025-04-24 21:23:16,216 [simulate_environment.py | 254] INFO: 2025-04-24 13:50:00, Item 1347420030-1: state = 1 < 2, we can not finish the simulation
2025-04-24 21:23:16,216 [simulate_environment.py | 99] INFO: **************************************************
2025-04-24 21:23:16,216 [simulate_environment.py | 103] INFO: cur time: 2025-04-24 14:00:00, pre time: 2025-04-24 13:50:00
2025-04-24 21:23:16,216 [simulate_environment.py | 140] INFO: Start to update the input of 2025-04-24 14:00:00
2025-04-24 21:23:16,225 [simulate_environment.py | 167] INFO: Get 1 unallocated order items, 2 ongoing order items, 79 completed order items
2025-04-24 21:23:16,226 [simulate_environment.py | 231] INFO: java main_algorithm
2025-04-24 21:23:16,532 [simulate_environment.py | 254] INFO: 2025-04-24 14:00:00, Item 1347420030-1: state = 1 < 2, we can not finish the simulation
2025-04-24 21:23:16,532 [simulate_environment.py | 99] INFO: **************************************************
2025-04-24 21:23:16,533 [simulate_environment.py | 103] INFO: cur time: 2025-04-24 14:10:00, pre time: 2025-04-24 14:00:00
2025-04-24 21:23:16,533 [simulate_environment.py | 140] INFO: Start to update the input of 2025-04-24 14:10:00
2025-04-24 21:23:16,538 [simulate_environment.py | 167] INFO: Get 0 unallocated order items, 2 ongoing order items, 80 completed order items
2025-04-24 21:23:16,540 [simulate_environment.py | 231] INFO: java main_algorithm
2025-04-24 21:23:16,829 [simulate_environment.py | 254] INFO: 2025-04-24 14:10:00, Item 1418360031-1: state = 0 < 2, we can not finish the simulation
2025-04-24 21:23:16,829 [simulate_environment.py | 99] INFO: **************************************************
2025-04-24 21:23:16,829 [simulate_environment.py | 103] INFO: cur time: 2025-04-24 14:20:00, pre time: 2025-04-24 14:10:00
2025-04-24 21:23:16,830 [simulate_environment.py | 140] INFO: Start to update the input of 2025-04-24 14:20:00
2025-04-24 21:23:16,835 [simulate_environment.py | 167] INFO: Get 2 unallocated order items, 1 ongoing order items, 81 completed order items
2025-04-24 21:23:16,836 [simulate_environment.py | 231] INFO: java main_algorithm
2025-04-24 21:23:17,121 [simulate_environment.py | 254] INFO: 2025-04-24 14:20:00, Item 1418360031-1: state = 1 < 2, we can not finish the simulation
2025-04-24 21:23:17,121 [simulate_environment.py | 99] INFO: **************************************************
2025-04-24 21:23:17,121 [simulate_environment.py | 103] INFO: cur time: 2025-04-24 14:30:00, pre time: 2025-04-24 14:20:00
2025-04-24 21:23:17,121 [simulate_environment.py | 140] INFO: Start to update the input of 2025-04-24 14:30:00
2025-04-24 21:23:17,131 [simulate_environment.py | 167] INFO: Get 3 unallocated order items, 1 ongoing order items, 81 completed order items
2025-04-24 21:23:17,133 [simulate_environment.py | 231] INFO: java main_algorithm
2025-04-24 21:23:17,415 [simulate_environment.py | 254] INFO: 2025-04-24 14:30:00, Item 1418360031-1: state = 1 < 2, we can not finish the simulation
2025-04-24 21:23:17,415 [simulate_environment.py | 99] INFO: **************************************************
2025-04-24 21:23:17,415 [simulate_environment.py | 103] INFO: cur time: 2025-04-24 14:40:00, pre time: 2025-04-24 14:30:00
2025-04-24 21:23:17,415 [simulate_environment.py | 140] INFO: Start to update the input of 2025-04-24 14:40:00
2025-04-24 21:23:17,428 [simulate_environment.py | 167] INFO: Get 22 unallocated order items, 1 ongoing order items, 82 completed order items
2025-04-24 21:23:17,430 [simulate_environment.py | 231] INFO: java main_algorithm
2025-04-24 21:23:17,731 [simulate_environment.py | 254] INFO: 2025-04-24 14:40:00, Item 1418360031-1: state = 1 < 2, we can not finish the simulation
2025-04-24 21:23:17,732 [simulate_environment.py | 99] INFO: **************************************************
2025-04-24 21:23:17,732 [simulate_environment.py | 103] INFO: cur time: 2025-04-24 14:50:00, pre time: 2025-04-24 14:40:00
2025-04-24 21:23:17,733 [simulate_environment.py | 140] INFO: Start to update the input of 2025-04-24 14:50:00
2025-04-24 21:23:17,741 [simulate_environment.py | 167] INFO: Get 22 unallocated order items, 1 ongoing order items, 82 completed order items
2025-04-24 21:23:17,743 [simulate_environment.py | 231] INFO: java main_algorithm
2025-04-24 21:23:18,046 [simulate_environment.py | 254] INFO: 2025-04-24 14:50:00, Item 1418360031-1: state = 1 < 2, we can not finish the simulation
2025-04-24 21:23:18,046 [simulate_environment.py | 99] INFO: **************************************************
2025-04-24 21:23:18,047 [simulate_environment.py | 103] INFO: cur time: 2025-04-24 15:00:00, pre time: 2025-04-24 14:50:00
2025-04-24 21:23:18,047 [simulate_environment.py | 140] INFO: Start to update the input of 2025-04-24 15:00:00
2025-04-24 21:23:18,053 [simulate_environment.py | 167] INFO: Get 22 unallocated order items, 1 ongoing order items, 82 completed order items
2025-04-24 21:23:18,056 [simulate_environment.py | 231] INFO: java main_algorithm
2025-04-24 21:23:18,368 [simulate_environment.py | 254] INFO: 2025-04-24 15:00:00, Item 1418360031-1: state = 1 < 2, we can not finish the simulation
2025-04-24 21:23:18,368 [simulate_environment.py | 99] INFO: **************************************************
2025-04-24 21:23:18,369 [simulate_environment.py | 103] INFO: cur time: 2025-04-24 15:10:00, pre time: 2025-04-24 15:00:00
2025-04-24 21:23:18,369 [simulate_environment.py | 140] INFO: Start to update the input of 2025-04-24 15:10:00
2025-04-24 21:23:18,381 [simulate_environment.py | 167] INFO: Get 20 unallocated order items, 3 ongoing order items, 82 completed order items
2025-04-24 21:23:18,383 [simulate_environment.py | 231] INFO: java main_algorithm
2025-04-24 21:23:18,691 [simulate_environment.py | 254] INFO: 2025-04-24 15:10:00, Item 1431530033-1: state = 1 < 2, we can not finish the simulation
2025-04-24 21:23:18,692 [simulate_environment.py | 99] INFO: **************************************************
2025-04-24 21:23:18,693 [simulate_environment.py | 103] INFO: cur time: 2025-04-24 15:20:00, pre time: 2025-04-24 15:10:00
2025-04-24 21:23:18,693 [simulate_environment.py | 140] INFO: Start to update the input of 2025-04-24 15:20:00
2025-04-24 21:23:18,694 [simulate_environment.py | 167] INFO: Get 20 unallocated order items, 3 ongoing order items, 82 completed order items
2025-04-24 21:23:18,696 [simulate_environment.py | 231] INFO: java main_algorithm
2025-04-24 21:23:18,976 [simulate_environment.py | 254] INFO: 2025-04-24 15:20:00, Item 1431530033-1: state = 1 < 2, we can not finish the simulation
2025-04-24 21:23:18,977 [simulate_environment.py | 99] INFO: **************************************************
2025-04-24 21:23:18,977 [simulate_environment.py | 103] INFO: cur time: 2025-04-24 15:30:00, pre time: 2025-04-24 15:20:00
2025-04-24 21:23:18,978 [simulate_environment.py | 140] INFO: Start to update the input of 2025-04-24 15:30:00
2025-04-24 21:23:18,991 [simulate_environment.py | 167] INFO: Get 20 unallocated order items, 3 ongoing order items, 82 completed order items
2025-04-24 21:23:18,993 [simulate_environment.py | 231] INFO: java main_algorithm
2025-04-24 21:23:19,257 [simulate_environment.py | 254] INFO: 2025-04-24 15:30:00, Item 1431530033-1: state = 1 < 2, we can not finish the simulation
2025-04-24 21:23:19,260 [simulate_environment.py | 99] INFO: **************************************************
2025-04-24 21:23:19,260 [simulate_environment.py | 103] INFO: cur time: 2025-04-24 15:40:00, pre time: 2025-04-24 15:30:00
2025-04-24 21:23:19,260 [simulate_environment.py | 140] INFO: Start to update the input of 2025-04-24 15:40:00
2025-04-24 21:23:19,272 [simulate_environment.py | 167] INFO: Get 2 unallocated order items, 21 ongoing order items, 82 completed order items
2025-04-24 21:23:19,274 [simulate_environment.py | 231] INFO: java main_algorithm
2025-04-24 21:23:19,565 [simulate_environment.py | 254] INFO: 2025-04-24 15:40:00, Item 1431530033-1: state = 1 < 2, we can not finish the simulation
2025-04-24 21:23:19,565 [simulate_environment.py | 99] INFO: **************************************************
2025-04-24 21:23:19,566 [simulate_environment.py | 103] INFO: cur time: 2025-04-24 15:50:00, pre time: 2025-04-24 15:40:00
2025-04-24 21:23:19,566 [simulate_environment.py | 140] INFO: Start to update the input of 2025-04-24 15:50:00
2025-04-24 21:23:19,569 [simulate_environment.py | 167] INFO: Get 2 unallocated order items, 21 ongoing order items, 82 completed order items
2025-04-24 21:23:19,571 [simulate_environment.py | 231] INFO: java main_algorithm
2025-04-24 21:23:19,819 [simulate_environment.py | 254] INFO: 2025-04-24 15:50:00, Item 1431530033-1: state = 1 < 2, we can not finish the simulation
2025-04-24 21:23:19,820 [simulate_environment.py | 99] INFO: **************************************************
2025-04-24 21:23:19,820 [simulate_environment.py | 103] INFO: cur time: 2025-04-24 16:00:00, pre time: 2025-04-24 15:50:00
2025-04-24 21:23:19,820 [simulate_environment.py | 140] INFO: Start to update the input of 2025-04-24 16:00:00
2025-04-24 21:23:19,835 [simulate_environment.py | 167] INFO: Get 0 unallocated order items, 23 ongoing order items, 82 completed order items
2025-04-24 21:23:19,837 [simulate_environment.py | 231] INFO: java main_algorithm
2025-04-24 21:23:20,087 [simulate_environment.py | 254] INFO: 2025-04-24 16:00:00, Item 1619100035-1: state = 0 < 2, we can not finish the simulation
2025-04-24 21:23:20,088 [simulate_environment.py | 99] INFO: **************************************************
2025-04-24 21:23:20,089 [simulate_environment.py | 103] INFO: cur time: 2025-04-24 16:10:00, pre time: 2025-04-24 16:00:00
2025-04-24 21:23:20,089 [simulate_environment.py | 140] INFO: Start to update the input of 2025-04-24 16:10:00
2025-04-24 21:23:20,101 [simulate_environment.py | 167] INFO: Get 0 unallocated order items, 23 ongoing order items, 82 completed order items
2025-04-24 21:23:20,103 [simulate_environment.py | 231] INFO: java main_algorithm
2025-04-24 21:23:20,398 [simulate_environment.py | 254] INFO: 2025-04-24 16:10:00, Item 1619100035-1: state = 0 < 2, we can not finish the simulation
2025-04-24 21:23:20,398 [simulate_environment.py | 99] INFO: **************************************************
2025-04-24 21:23:20,399 [simulate_environment.py | 103] INFO: cur time: 2025-04-24 16:20:00, pre time: 2025-04-24 16:10:00
2025-04-24 21:23:20,399 [simulate_environment.py | 140] INFO: Start to update the input of 2025-04-24 16:20:00
2025-04-24 21:23:20,413 [simulate_environment.py | 167] INFO: Get 18 unallocated order items, 23 ongoing order items, 82 completed order items
2025-04-24 21:23:20,416 [simulate_environment.py | 231] INFO: java main_algorithm
2025-04-24 21:23:20,704 [simulate_environment.py | 254] INFO: 2025-04-24 16:20:00, Item 1619100035-1: state = 1 < 2, we can not finish the simulation
2025-04-24 21:23:20,705 [simulate_environment.py | 99] INFO: **************************************************
2025-04-24 21:23:20,705 [simulate_environment.py | 103] INFO: cur time: 2025-04-24 16:30:00, pre time: 2025-04-24 16:20:00
2025-04-24 21:23:20,705 [simulate_environment.py | 140] INFO: Start to update the input of 2025-04-24 16:30:00
2025-04-24 21:23:20,710 [simulate_environment.py | 167] INFO: Get 3 unallocated order items, 38 ongoing order items, 82 completed order items
2025-04-24 21:23:20,712 [simulate_environment.py | 231] INFO: java main_algorithm
2025-04-24 21:23:20,999 [simulate_environment.py | 254] INFO: 2025-04-24 16:30:00, Item 1619100035-16: state = 1 < 2, we can not finish the simulation
2025-04-24 21:23:21,001 [simulate_environment.py | 99] INFO: **************************************************
2025-04-24 21:23:21,001 [simulate_environment.py | 103] INFO: cur time: 2025-04-24 16:40:00, pre time: 2025-04-24 16:30:00
2025-04-24 21:23:21,001 [simulate_environment.py | 140] INFO: Start to update the input of 2025-04-24 16:40:00
2025-04-24 21:23:21,006 [simulate_environment.py | 167] INFO: Get 0 unallocated order items, 41 ongoing order items, 82 completed order items
2025-04-24 21:23:21,009 [simulate_environment.py | 231] INFO: java main_algorithm
2025-04-24 21:23:21,275 [simulate_environment.py | 254] INFO: 2025-04-24 16:40:00, Item 1651420036-1: state = 0 < 2, we can not finish the simulation
2025-04-24 21:23:21,276 [simulate_environment.py | 99] INFO: **************************************************
2025-04-24 21:23:21,276 [simulate_environment.py | 103] INFO: cur time: 2025-04-24 16:50:00, pre time: 2025-04-24 16:40:00
2025-04-24 21:23:21,277 [simulate_environment.py | 140] INFO: Start to update the input of 2025-04-24 16:50:00
2025-04-24 21:23:21,288 [simulate_environment.py | 167] INFO: Get 0 unallocated order items, 41 ongoing order items, 82 completed order items
2025-04-24 21:23:21,291 [simulate_environment.py | 231] INFO: java main_algorithm
2025-04-24 21:23:21,540 [simulate_environment.py | 254] INFO: 2025-04-24 16:50:00, Item 1651420036-1: state = 0 < 2, we can not finish the simulation
2025-04-24 21:23:21,541 [simulate_environment.py | 99] INFO: **************************************************
2025-04-24 21:23:21,541 [simulate_environment.py | 103] INFO: cur time: 2025-04-24 17:00:00, pre time: 2025-04-24 16:50:00
2025-04-24 21:23:21,541 [simulate_environment.py | 140] INFO: Start to update the input of 2025-04-24 17:00:00
2025-04-24 21:23:21,554 [simulate_environment.py | 167] INFO: Get 2 unallocated order items, 39 ongoing order items, 84 completed order items
2025-04-24 21:23:21,557 [simulate_environment.py | 231] INFO: java main_algorithm
2025-04-24 21:23:21,829 [simulate_environment.py | 254] INFO: 2025-04-24 17:00:00, Item 1651420036-1: state = 1 < 2, we can not finish the simulation
2025-04-24 21:23:21,830 [simulate_environment.py | 99] INFO: **************************************************
2025-04-24 21:23:21,830 [simulate_environment.py | 103] INFO: cur time: 2025-04-24 17:10:00, pre time: 2025-04-24 17:00:00
2025-04-24 21:23:21,830 [simulate_environment.py | 140] INFO: Start to update the input of 2025-04-24 17:10:00
2025-04-24 21:23:21,834 [simulate_environment.py | 167] INFO: Get 2 unallocated order items, 39 ongoing order items, 84 completed order items
2025-04-24 21:23:21,837 [simulate_environment.py | 231] INFO: java main_algorithm
2025-04-24 21:23:22,092 [simulate_environment.py | 254] INFO: 2025-04-24 17:10:00, Item 1651420036-1: state = 1 < 2, we can not finish the simulation
2025-04-24 21:23:22,093 [simulate_environment.py | 99] INFO: **************************************************
2025-04-24 21:23:22,093 [simulate_environment.py | 103] INFO: cur time: 2025-04-24 17:20:00, pre time: 2025-04-24 17:10:00
2025-04-24 21:23:22,093 [simulate_environment.py | 140] INFO: Start to update the input of 2025-04-24 17:20:00
2025-04-24 21:23:22,100 [simulate_environment.py | 167] INFO: Get 3 unallocated order items, 39 ongoing order items, 84 completed order items
2025-04-24 21:23:22,103 [simulate_environment.py | 231] INFO: java main_algorithm
2025-04-24 21:23:22,375 [simulate_environment.py | 254] INFO: 2025-04-24 17:20:00, Item 1651420036-1: state = 1 < 2, we can not finish the simulation
2025-04-24 21:23:22,376 [simulate_environment.py | 99] INFO: **************************************************
2025-04-24 21:23:22,376 [simulate_environment.py | 103] INFO: cur time: 2025-04-24 17:30:00, pre time: 2025-04-24 17:20:00
2025-04-24 21:23:22,376 [simulate_environment.py | 140] INFO: Start to update the input of 2025-04-24 17:30:00
2025-04-24 21:23:22,381 [simulate_environment.py | 167] INFO: Get 3 unallocated order items, 37 ongoing order items, 86 completed order items
2025-04-24 21:23:22,383 [simulate_environment.py | 231] INFO: java main_algorithm
2025-04-24 21:23:22,652 [simulate_environment.py | 254] INFO: 2025-04-24 17:30:00, Item 1651420036-1: state = 1 < 2, we can not finish the simulation
2025-04-24 21:23:22,653 [simulate_environment.py | 99] INFO: **************************************************
2025-04-24 21:23:22,653 [simulate_environment.py | 103] INFO: cur time: 2025-04-24 17:40:00, pre time: 2025-04-24 17:30:00
2025-04-24 21:23:22,654 [simulate_environment.py | 140] INFO: Start to update the input of 2025-04-24 17:40:00
2025-04-24 21:23:22,663 [simulate_environment.py | 167] INFO: Get 7 unallocated order items, 37 ongoing order items, 86 completed order items
2025-04-24 21:23:22,665 [simulate_environment.py | 231] INFO: java main_algorithm
2025-04-24 21:23:22,956 [simulate_environment.py | 254] INFO: 2025-04-24 17:40:00, Item 1651420036-1: state = 1 < 2, we can not finish the simulation
2025-04-24 21:23:22,956 [simulate_environment.py | 99] INFO: **************************************************
2025-04-24 21:23:22,957 [simulate_environment.py | 103] INFO: cur time: 2025-04-24 17:50:00, pre time: 2025-04-24 17:40:00
2025-04-24 21:23:22,957 [simulate_environment.py | 140] INFO: Start to update the input of 2025-04-24 17:50:00
2025-04-24 21:23:22,960 [simulate_environment.py | 167] INFO: Get 11 unallocated order items, 35 ongoing order items, 89 completed order items
2025-04-24 21:23:22,962 [simulate_environment.py | 231] INFO: java main_algorithm
2025-04-24 21:23:23,228 [simulate_environment.py | 254] INFO: 2025-04-24 17:50:00, Item 1651420036-1: state = 1 < 2, we can not finish the simulation
2025-04-24 21:23:23,229 [simulate_environment.py | 99] INFO: **************************************************
2025-04-24 21:23:23,229 [simulate_environment.py | 103] INFO: cur time: 2025-04-24 18:00:00, pre time: 2025-04-24 17:50:00
2025-04-24 21:23:23,229 [simulate_environment.py | 140] INFO: Start to update the input of 2025-04-24 18:00:00
2025-04-24 21:23:23,241 [simulate_environment.py | 167] INFO: Get 11 unallocated order items, 35 ongoing order items, 89 completed order items
2025-04-24 21:23:23,243 [simulate_environment.py | 231] INFO: java main_algorithm
2025-04-24 21:23:23,498 [simulate_environment.py | 254] INFO: 2025-04-24 18:00:00, Item 1651420036-1: state = 1 < 2, we can not finish the simulation
2025-04-24 21:23:23,499 [simulate_environment.py | 99] INFO: **************************************************
2025-04-24 21:23:23,499 [simulate_environment.py | 103] INFO: cur time: 2025-04-24 18:10:00, pre time: 2025-04-24 18:00:00
2025-04-24 21:23:23,499 [simulate_environment.py | 140] INFO: Start to update the input of 2025-04-24 18:10:00
2025-04-24 21:23:23,507 [simulate_environment.py | 167] INFO: Get 11 unallocated order items, 34 ongoing order items, 90 completed order items
2025-04-24 21:23:23,509 [simulate_environment.py | 231] INFO: java main_algorithm
2025-04-24 21:23:23,780 [simulate_environment.py | 254] INFO: 2025-04-24 18:10:00, Item 1651420036-1: state = 1 < 2, we can not finish the simulation
2025-04-24 21:23:23,781 [simulate_environment.py | 99] INFO: **************************************************
2025-04-24 21:23:23,781 [simulate_environment.py | 103] INFO: cur time: 2025-04-24 18:20:00, pre time: 2025-04-24 18:10:00
2025-04-24 21:23:23,781 [simulate_environment.py | 140] INFO: Start to update the input of 2025-04-24 18:20:00
2025-04-24 21:23:23,788 [simulate_environment.py | 167] INFO: Get 11 unallocated order items, 31 ongoing order items, 93 completed order items
2025-04-24 21:23:23,791 [simulate_environment.py | 231] INFO: java main_algorithm
2025-04-24 21:23:24,046 [simulate_environment.py | 254] INFO: 2025-04-24 18:20:00, Item 1651420036-1: state = 1 < 2, we can not finish the simulation
2025-04-24 21:23:24,046 [simulate_environment.py | 99] INFO: **************************************************
2025-04-24 21:23:24,047 [simulate_environment.py | 103] INFO: cur time: 2025-04-24 18:30:00, pre time: 2025-04-24 18:20:00
2025-04-24 21:23:24,047 [simulate_environment.py | 140] INFO: Start to update the input of 2025-04-24 18:30:00
2025-04-24 21:23:24,054 [simulate_environment.py | 167] INFO: Get 11 unallocated order items, 16 ongoing order items, 108 completed order items
2025-04-24 21:23:24,055 [simulate_environment.py | 231] INFO: java main_algorithm
2025-04-24 21:23:24,293 [simulate_environment.py | 254] INFO: 2025-04-24 18:30:00, Item 1651420036-1: state = 1 < 2, we can not finish the simulation
2025-04-24 21:23:24,294 [simulate_environment.py | 99] INFO: **************************************************
2025-04-24 21:23:24,294 [simulate_environment.py | 103] INFO: cur time: 2025-04-24 18:40:00, pre time: 2025-04-24 18:30:00
2025-04-24 21:23:24,294 [simulate_environment.py | 140] INFO: Start to update the input of 2025-04-24 18:40:00
2025-04-24 21:23:24,303 [simulate_environment.py | 167] INFO: Get 10 unallocated order items, 17 ongoing order items, 108 completed order items
2025-04-24 21:23:24,305 [simulate_environment.py | 231] INFO: java main_algorithm
2025-04-24 21:23:24,566 [simulate_environment.py | 254] INFO: 2025-04-24 18:40:00, Item 1651420036-1: state = 1 < 2, we can not finish the simulation
2025-04-24 21:23:24,567 [simulate_environment.py | 99] INFO: **************************************************
2025-04-24 21:23:24,567 [simulate_environment.py | 103] INFO: cur time: 2025-04-24 18:50:00, pre time: 2025-04-24 18:40:00
2025-04-24 21:23:24,567 [simulate_environment.py | 140] INFO: Start to update the input of 2025-04-24 18:50:00
2025-04-24 21:23:24,569 [simulate_environment.py | 167] INFO: Get 10 unallocated order items, 17 ongoing order items, 108 completed order items
2025-04-24 21:23:24,571 [simulate_environment.py | 231] INFO: java main_algorithm
2025-04-24 21:23:24,770 [simulate_environment.py | 254] INFO: 2025-04-24 18:50:00, Item 1651420036-1: state = 1 < 2, we can not finish the simulation
2025-04-24 21:23:24,770 [simulate_environment.py | 99] INFO: **************************************************
2025-04-24 21:23:24,770 [simulate_environment.py | 103] INFO: cur time: 2025-04-24 19:00:00, pre time: 2025-04-24 18:50:00
2025-04-24 21:23:24,770 [simulate_environment.py | 140] INFO: Start to update the input of 2025-04-24 19:00:00
2025-04-24 21:23:24,772 [simulate_environment.py | 167] INFO: Get 8 unallocated order items, 20 ongoing order items, 108 completed order items
2025-04-24 21:23:24,774 [simulate_environment.py | 231] INFO: java main_algorithm
2025-04-24 21:23:25,015 [simulate_environment.py | 254] INFO: 2025-04-24 19:00:00, Item 1651420036-1: state = 1 < 2, we can not finish the simulation
2025-04-24 21:23:25,016 [simulate_environment.py | 99] INFO: **************************************************
2025-04-24 21:23:25,016 [simulate_environment.py | 103] INFO: cur time: 2025-04-24 19:10:00, pre time: 2025-04-24 19:00:00
2025-04-24 21:23:25,016 [simulate_environment.py | 140] INFO: Start to update the input of 2025-04-24 19:10:00
2025-04-24 21:23:25,022 [simulate_environment.py | 167] INFO: Get 8 unallocated order items, 5 ongoing order items, 123 completed order items
2025-04-24 21:23:25,024 [simulate_environment.py | 231] INFO: java main_algorithm
2025-04-24 21:23:25,259 [simulate_environment.py | 254] INFO: 2025-04-24 19:10:00, Item 1651420036-1: state = 1 < 2, we can not finish the simulation
2025-04-24 21:23:25,260 [simulate_environment.py | 99] INFO: **************************************************
2025-04-24 21:23:25,260 [simulate_environment.py | 103] INFO: cur time: 2025-04-24 19:20:00, pre time: 2025-04-24 19:10:00
2025-04-24 21:23:25,260 [simulate_environment.py | 140] INFO: Start to update the input of 2025-04-24 19:20:00
2025-04-24 21:23:25,272 [simulate_environment.py | 167] INFO: Get 8 unallocated order items, 5 ongoing order items, 123 completed order items
2025-04-24 21:23:25,274 [simulate_environment.py | 231] INFO: java main_algorithm
2025-04-24 21:23:25,487 [simulate_environment.py | 254] INFO: 2025-04-24 19:20:00, Item 1651420036-1: state = 1 < 2, we can not finish the simulation
2025-04-24 21:23:25,487 [simulate_environment.py | 99] INFO: **************************************************
2025-04-24 21:23:25,487 [simulate_environment.py | 103] INFO: cur time: 2025-04-24 19:30:00, pre time: 2025-04-24 19:20:00
2025-04-24 21:23:25,488 [simulate_environment.py | 140] INFO: Start to update the input of 2025-04-24 19:30:00
2025-04-24 21:23:25,491 [simulate_environment.py | 167] INFO: Get 6 unallocated order items, 7 ongoing order items, 123 completed order items
2025-04-24 21:23:25,492 [simulate_environment.py | 231] INFO: java main_algorithm
2025-04-24 21:23:25,715 [simulate_environment.py | 254] INFO: 2025-04-24 19:30:00, Item 1657120037-1: state = 1 < 2, we can not finish the simulation
2025-04-24 21:23:25,715 [simulate_environment.py | 99] INFO: **************************************************
2025-04-24 21:23:25,715 [simulate_environment.py | 103] INFO: cur time: 2025-04-24 19:40:00, pre time: 2025-04-24 19:30:00
2025-04-24 21:23:25,715 [simulate_environment.py | 140] INFO: Start to update the input of 2025-04-24 19:40:00
2025-04-24 21:23:25,725 [simulate_environment.py | 167] INFO: Get 6 unallocated order items, 7 ongoing order items, 123 completed order items
2025-04-24 21:23:25,727 [simulate_environment.py | 231] INFO: java main_algorithm
2025-04-24 21:23:25,922 [simulate_environment.py | 254] INFO: 2025-04-24 19:40:00, Item 1657120037-1: state = 1 < 2, we can not finish the simulation
2025-04-24 21:23:25,922 [simulate_environment.py | 99] INFO: **************************************************
2025-04-24 21:23:25,923 [simulate_environment.py | 103] INFO: cur time: 2025-04-24 19:50:00, pre time: 2025-04-24 19:40:00
2025-04-24 21:23:25,923 [simulate_environment.py | 140] INFO: Start to update the input of 2025-04-24 19:50:00
2025-04-24 21:23:25,928 [simulate_environment.py | 167] INFO: Get 0 unallocated order items, 10 ongoing order items, 126 completed order items
2025-04-24 21:23:25,930 [simulate_environment.py | 231] INFO: java main_algorithm
2025-04-24 21:23:26,166 [simulate_environment.py | 254] INFO: 2025-04-24 19:50:00, Item 1958350043-1: state = 0 < 2, we can not finish the simulation
2025-04-24 21:23:26,167 [simulate_environment.py | 99] INFO: **************************************************
2025-04-24 21:23:26,167 [simulate_environment.py | 103] INFO: cur time: 2025-04-24 20:00:00, pre time: 2025-04-24 19:50:00
2025-04-24 21:23:26,167 [simulate_environment.py | 140] INFO: Start to update the input of 2025-04-24 20:00:00
2025-04-24 21:23:26,178 [simulate_environment.py | 167] INFO: Get 2 unallocated order items, 10 ongoing order items, 126 completed order items
2025-04-24 21:23:26,180 [simulate_environment.py | 231] INFO: java main_algorithm
2025-04-24 21:23:26,394 [simulate_environment.py | 254] INFO: 2025-04-24 20:00:00, Item 1958350043-1: state = 1 < 2, we can not finish the simulation
2025-04-24 21:23:26,394 [simulate_environment.py | 99] INFO: **************************************************
2025-04-24 21:23:26,394 [simulate_environment.py | 103] INFO: cur time: 2025-04-24 20:10:00, pre time: 2025-04-24 20:00:00
2025-04-24 21:23:26,395 [simulate_environment.py | 140] INFO: Start to update the input of 2025-04-24 20:10:00
2025-04-24 21:23:26,397 [simulate_environment.py | 167] INFO: Get 2 unallocated order items, 10 ongoing order items, 126 completed order items
2025-04-24 21:23:26,398 [simulate_environment.py | 231] INFO: java main_algorithm
2025-04-24 21:23:26,608 [simulate_environment.py | 254] INFO: 2025-04-24 20:10:00, Item 1958350043-1: state = 1 < 2, we can not finish the simulation
2025-04-24 21:23:26,609 [simulate_environment.py | 99] INFO: **************************************************
2025-04-24 21:23:26,609 [simulate_environment.py | 103] INFO: cur time: 2025-04-24 20:20:00, pre time: 2025-04-24 20:10:00
2025-04-24 21:23:26,609 [simulate_environment.py | 140] INFO: Start to update the input of 2025-04-24 20:20:00
2025-04-24 21:23:26,616 [simulate_environment.py | 167] INFO: Get 3 unallocated order items, 8 ongoing order items, 128 completed order items
2025-04-24 21:23:26,617 [simulate_environment.py | 231] INFO: java main_algorithm
2025-04-24 21:32:26,748 [simulate_environment.py | 254] INFO: 2025-04-24 20:20:00, Item 1958350043-1: state = 1 < 2, we can not finish the simulation
2025-04-24 21:32:26,748 [simulate_environment.py | 99] INFO: **************************************************
2025-04-24 21:32:26,749 [simulate_environment.py | 103] INFO: cur time: 2025-04-24 20:30:00, pre time: 2025-04-24 20:20:00
2025-04-24 21:32:26,749 [simulate_environment.py | 140] INFO: Start to update the input of 2025-04-24 20:30:00
2025-04-24 21:32:26,757 [simulate_environment.py | 167] INFO: Get 3 unallocated order items, 8 ongoing order items, 128 completed order items
2025-04-24 21:32:26,762 [simulate_environment.py | 231] INFO: java main_algorithm
2025-04-24 21:41:26,919 [simulate_environment.py | 254] INFO: 2025-04-24 20:30:00, Item 1958350043-1: state = 1 < 2, we can not finish the simulation
2025-04-24 21:41:26,920 [simulate_environment.py | 99] INFO: **************************************************
2025-04-24 21:41:26,920 [simulate_environment.py | 103] INFO: cur time: 2025-04-24 20:40:00, pre time: 2025-04-24 20:30:00
2025-04-24 21:41:26,920 [simulate_environment.py | 140] INFO: Start to update the input of 2025-04-24 20:40:00
2025-04-24 21:41:26,928 [simulate_environment.py | 167] INFO: Get 3 unallocated order items, 8 ongoing order items, 128 completed order items
2025-04-24 21:41:26,930 [simulate_environment.py | 231] INFO: java main_algorithm
2025-04-24 21:50:27,038 [simulate_environment.py | 254] INFO: 2025-04-24 20:40:00, Item 1958350043-1: state = 1 < 2, we can not finish the simulation
2025-04-24 21:50:27,039 [simulate_environment.py | 99] INFO: **************************************************
2025-04-24 21:50:27,039 [simulate_environment.py | 103] INFO: cur time: 2025-04-24 20:50:00, pre time: 2025-04-24 20:40:00
2025-04-24 21:50:27,039 [simulate_environment.py | 140] INFO: Start to update the input of 2025-04-24 20:50:00
2025-04-24 21:50:27,054 [simulate_environment.py | 167] INFO: Get 4 unallocated order items, 2 ongoing order items, 134 completed order items
2025-04-24 21:50:27,056 [simulate_environment.py | 231] INFO: java main_algorithm
2025-04-24 21:50:27,337 [simulate_environment.py | 254] INFO: 2025-04-24 20:50:00, Item 1958350043-1: state = 1 < 2, we can not finish the simulation
2025-04-24 21:50:27,337 [simulate_environment.py | 99] INFO: **************************************************
2025-04-24 21:50:27,337 [simulate_environment.py | 103] INFO: cur time: 2025-04-24 21:00:00, pre time: 2025-04-24 20:50:00
2025-04-24 21:50:27,337 [simulate_environment.py | 140] INFO: Start to update the input of 2025-04-24 21:00:00
2025-04-24 21:50:27,350 [simulate_environment.py | 167] INFO: Get 4 unallocated order items, 2 ongoing order items, 134 completed order items
2025-04-24 21:50:27,353 [simulate_environment.py | 231] INFO: java main_algorithm
2025-04-24 21:50:27,606 [simulate_environment.py | 254] INFO: 2025-04-24 21:00:00, Item 1958350043-1: state = 1 < 2, we can not finish the simulation
2025-04-24 21:50:27,607 [simulate_environment.py | 99] INFO: **************************************************
2025-04-24 21:50:27,607 [simulate_environment.py | 103] INFO: cur time: 2025-04-24 21:10:00, pre time: 2025-04-24 21:00:00
2025-04-24 21:50:27,607 [simulate_environment.py | 140] INFO: Start to update the input of 2025-04-24 21:10:00
2025-04-24 21:50:27,616 [simulate_environment.py | 167] INFO: Get 4 unallocated order items, 2 ongoing order items, 134 completed order items
2025-04-24 21:50:27,617 [simulate_environment.py | 231] INFO: java main_algorithm
2025-04-24 21:50:27,819 [simulate_environment.py | 254] INFO: 2025-04-24 21:10:00, Item 1958350043-1: state = 1 < 2, we can not finish the simulation
2025-04-24 21:50:27,820 [simulate_environment.py | 99] INFO: **************************************************
2025-04-24 21:50:27,820 [simulate_environment.py | 103] INFO: cur time: 2025-04-24 21:20:00, pre time: 2025-04-24 21:10:00
2025-04-24 21:50:27,820 [simulate_environment.py | 140] INFO: Start to update the input of 2025-04-24 21:20:00
2025-04-24 21:50:27,835 [simulate_environment.py | 167] INFO: Get 4 unallocated order items, 2 ongoing order items, 134 completed order items
2025-04-24 21:50:27,837 [simulate_environment.py | 231] INFO: java main_algorithm
2025-04-24 21:50:28,037 [simulate_environment.py | 254] INFO: 2025-04-24 21:20:00, Item 1958350043-1: state = 1 < 2, we can not finish the simulation
2025-04-24 21:50:28,038 [simulate_environment.py | 99] INFO: **************************************************
2025-04-24 21:50:28,038 [simulate_environment.py | 103] INFO: cur time: 2025-04-24 21:30:00, pre time: 2025-04-24 21:20:00
2025-04-24 21:50:28,038 [simulate_environment.py | 140] INFO: Start to update the input of 2025-04-24 21:30:00
2025-04-24 21:50:28,053 [simulate_environment.py | 167] INFO: Get 3 unallocated order items, 2 ongoing order items, 135 completed order items
2025-04-24 21:50:28,054 [simulate_environment.py | 231] INFO: java main_algorithm
2025-04-24 21:50:28,282 [simulate_environment.py | 254] INFO: 2025-04-24 21:30:00, Item 1958350043-1: state = 1 < 2, we can not finish the simulation
2025-04-24 21:50:28,282 [simulate_environment.py | 99] INFO: **************************************************
2025-04-24 21:50:28,282 [simulate_environment.py | 103] INFO: cur time: 2025-04-24 21:40:00, pre time: 2025-04-24 21:30:00
2025-04-24 21:50:28,282 [simulate_environment.py | 140] INFO: Start to update the input of 2025-04-24 21:40:00
2025-04-24 21:50:28,288 [simulate_environment.py | 167] INFO: Get 3 unallocated order items, 2 ongoing order items, 135 completed order items
2025-04-24 21:50:28,289 [simulate_environment.py | 231] INFO: java main_algorithm
2025-04-24 21:50:28,490 [simulate_environment.py | 254] INFO: 2025-04-24 21:40:00, Item 1958350043-1: state = 1 < 2, we can not finish the simulation
2025-04-24 21:50:28,490 [simulate_environment.py | 99] INFO: **************************************************
2025-04-24 21:50:28,491 [simulate_environment.py | 103] INFO: cur time: 2025-04-24 21:50:00, pre time: 2025-04-24 21:40:00
2025-04-24 21:50:28,491 [simulate_environment.py | 140] INFO: Start to update the input of 2025-04-24 21:50:00
2025-04-24 21:50:28,492 [simulate_environment.py | 167] INFO: Get 3 unallocated order items, 2 ongoing order items, 135 completed order items
2025-04-24 21:50:28,493 [simulate_environment.py | 231] INFO: java main_algorithm
2025-04-24 21:50:28,690 [simulate_environment.py | 254] INFO: 2025-04-24 21:50:00, Item 1958350043-1: state = 1 < 2, we can not finish the simulation
2025-04-24 21:50:28,690 [simulate_environment.py | 99] INFO: **************************************************
2025-04-24 21:50:28,690 [simulate_environment.py | 103] INFO: cur time: 2025-04-24 22:00:00, pre time: 2025-04-24 21:50:00
2025-04-24 21:50:28,690 [simulate_environment.py | 140] INFO: Start to update the input of 2025-04-24 22:00:00
2025-04-24 21:50:28,694 [simulate_environment.py | 167] INFO: Get 2 unallocated order items, 2 ongoing order items, 136 completed order items
2025-04-24 21:50:28,695 [simulate_environment.py | 231] INFO: java main_algorithm
2025-04-24 21:50:28,903 [simulate_environment.py | 254] INFO: 2025-04-24 22:00:00, Item 1958350043-1: state = 1 < 2, we can not finish the simulation
2025-04-24 21:50:28,904 [simulate_environment.py | 99] INFO: **************************************************
2025-04-24 21:50:28,904 [simulate_environment.py | 103] INFO: cur time: 2025-04-24 22:10:00, pre time: 2025-04-24 22:00:00
2025-04-24 21:50:28,904 [simulate_environment.py | 140] INFO: Start to update the input of 2025-04-24 22:10:00
2025-04-24 21:50:28,913 [simulate_environment.py | 167] INFO: Get 3 unallocated order items, 2 ongoing order items, 136 completed order items
2025-04-24 21:50:28,915 [simulate_environment.py | 231] INFO: java main_algorithm
2025-04-24 21:50:29,129 [simulate_environment.py | 254] INFO: 2025-04-24 22:10:00, Item 1958350043-1: state = 1 < 2, we can not finish the simulation
2025-04-24 21:50:29,129 [simulate_environment.py | 99] INFO: **************************************************
2025-04-24 21:50:29,129 [simulate_environment.py | 103] INFO: cur time: 2025-04-24 22:20:00, pre time: 2025-04-24 22:10:00
2025-04-24 21:50:29,129 [simulate_environment.py | 140] INFO: Start to update the input of 2025-04-24 22:20:00
2025-04-24 21:50:29,131 [simulate_environment.py | 167] INFO: Get 3 unallocated order items, 2 ongoing order items, 136 completed order items
2025-04-24 21:50:29,132 [simulate_environment.py | 231] INFO: java main_algorithm
2025-04-24 21:50:29,329 [simulate_environment.py | 254] INFO: 2025-04-24 22:20:00, Item 1958350043-1: state = 1 < 2, we can not finish the simulation
2025-04-24 21:50:29,329 [simulate_environment.py | 99] INFO: **************************************************
2025-04-24 21:50:29,329 [simulate_environment.py | 103] INFO: cur time: 2025-04-24 22:30:00, pre time: 2025-04-24 22:20:00
2025-04-24 21:50:29,329 [simulate_environment.py | 140] INFO: Start to update the input of 2025-04-24 22:30:00
2025-04-24 21:50:29,335 [simulate_environment.py | 167] INFO: Get 1 unallocated order items, 4 ongoing order items, 136 completed order items
2025-04-24 21:50:29,336 [simulate_environment.py | 231] INFO: java main_algorithm
2025-04-24 21:50:29,556 [simulate_environment.py | 254] INFO: 2025-04-24 22:30:00, Item 2200210046-1: state = 1 < 2, we can not finish the simulation
2025-04-24 21:50:29,557 [simulate_environment.py | 99] INFO: **************************************************
2025-04-24 21:50:29,557 [simulate_environment.py | 103] INFO: cur time: 2025-04-24 22:40:00, pre time: 2025-04-24 22:30:00
2025-04-24 21:50:29,557 [simulate_environment.py | 140] INFO: Start to update the input of 2025-04-24 22:40:00
2025-04-24 21:50:29,569 [simulate_environment.py | 167] INFO: Get 0 unallocated order items, 5 ongoing order items, 136 completed order items
2025-04-24 21:50:29,570 [simulate_environment.py | 231] INFO: java main_algorithm
2025-04-24 21:50:29,791 [simulate_environment.py | 254] INFO: 2025-04-24 22:40:00, Item 2328260047-1: state = 0 < 2, we can not finish the simulation
2025-04-24 21:50:29,791 [simulate_environment.py | 99] INFO: **************************************************
2025-04-24 21:50:29,791 [simulate_environment.py | 103] INFO: cur time: 2025-04-24 22:50:00, pre time: 2025-04-24 22:40:00
2025-04-24 21:50:29,791 [simulate_environment.py | 140] INFO: Start to update the input of 2025-04-24 22:50:00
2025-04-24 21:50:29,803 [simulate_environment.py | 167] INFO: Get 0 unallocated order items, 3 ongoing order items, 138 completed order items
2025-04-24 21:50:29,804 [simulate_environment.py | 231] INFO: java main_algorithm
2025-04-24 21:50:30,017 [simulate_environment.py | 254] INFO: 2025-04-24 22:50:00, Item 2328260047-1: state = 0 < 2, we can not finish the simulation
2025-04-24 21:50:30,017 [simulate_environment.py | 99] INFO: **************************************************
2025-04-24 21:50:30,017 [simulate_environment.py | 103] INFO: cur time: 2025-04-24 23:00:00, pre time: 2025-04-24 22:50:00
2025-04-24 21:50:30,018 [simulate_environment.py | 140] INFO: Start to update the input of 2025-04-24 23:00:00
2025-04-24 21:50:30,022 [simulate_environment.py | 167] INFO: Get 0 unallocated order items, 3 ongoing order items, 138 completed order items
2025-04-24 21:50:30,023 [simulate_environment.py | 231] INFO: java main_algorithm
2025-04-24 21:50:30,229 [simulate_environment.py | 254] INFO: 2025-04-24 23:00:00, Item 2328260047-1: state = 0 < 2, we can not finish the simulation
2025-04-24 21:50:30,230 [simulate_environment.py | 99] INFO: **************************************************
2025-04-24 21:50:30,230 [simulate_environment.py | 103] INFO: cur time: 2025-04-24 23:10:00, pre time: 2025-04-24 23:00:00
2025-04-24 21:50:30,230 [simulate_environment.py | 140] INFO: Start to update the input of 2025-04-24 23:10:00
2025-04-24 21:50:30,241 [simulate_environment.py | 167] INFO: Get 0 unallocated order items, 1 ongoing order items, 140 completed order items
2025-04-24 21:50:30,243 [simulate_environment.py | 231] INFO: java main_algorithm
2025-04-24 21:50:30,452 [simulate_environment.py | 254] INFO: 2025-04-24 23:10:00, Item 2328260047-1: state = 0 < 2, we can not finish the simulation
2025-04-24 21:50:30,452 [simulate_environment.py | 99] INFO: **************************************************
2025-04-24 21:50:30,452 [simulate_environment.py | 103] INFO: cur time: 2025-04-24 23:20:00, pre time: 2025-04-24 23:10:00
2025-04-24 21:50:30,452 [simulate_environment.py | 140] INFO: Start to update the input of 2025-04-24 23:20:00
2025-04-24 21:50:30,460 [simulate_environment.py | 167] INFO: Get 0 unallocated order items, 1 ongoing order items, 140 completed order items
2025-04-24 21:50:30,461 [simulate_environment.py | 231] INFO: java main_algorithm
2025-04-24 21:50:30,665 [simulate_environment.py | 254] INFO: 2025-04-24 23:20:00, Item 2328260047-1: state = 0 < 2, we can not finish the simulation
2025-04-24 21:50:30,665 [simulate_environment.py | 99] INFO: **************************************************
2025-04-24 21:50:30,665 [simulate_environment.py | 103] INFO: cur time: 2025-04-24 23:30:00, pre time: 2025-04-24 23:20:00
2025-04-24 21:50:30,665 [simulate_environment.py | 140] INFO: Start to update the input of 2025-04-24 23:30:00
2025-04-24 21:50:30,678 [simulate_environment.py | 167] INFO: Get 6 unallocated order items, 1 ongoing order items, 140 completed order items
2025-04-24 21:50:30,679 [simulate_environment.py | 231] INFO: java main_algorithm
2025-04-24 21:50:30,921 [simulate_environment.py | 254] INFO: 2025-04-24 23:30:00, Item 2328260047-1: state = 1 < 2, we can not finish the simulation
2025-04-24 21:50:30,922 [simulate_environment.py | 99] INFO: **************************************************
2025-04-24 21:50:30,922 [simulate_environment.py | 103] INFO: cur time: 2025-04-24 23:40:00, pre time: 2025-04-24 23:30:00
2025-04-24 21:50:30,922 [simulate_environment.py | 140] INFO: Start to update the input of 2025-04-24 23:40:00
2025-04-24 21:50:30,928 [simulate_environment.py | 167] INFO: Get 2 unallocated order items, 5 ongoing order items, 141 completed order items
2025-04-24 21:50:30,930 [simulate_environment.py | 231] INFO: java main_algorithm
2025-04-24 21:50:31,153 [simulate_environment.py | 254] INFO: 2025-04-24 23:40:00, Item 2329510048-1: state = 1 < 2, we can not finish the simulation
2025-04-24 21:50:31,153 [simulate_environment.py | 99] INFO: **************************************************
2025-04-24 21:50:31,153 [simulate_environment.py | 103] INFO: cur time: 2025-04-24 23:50:00, pre time: 2025-04-24 23:40:00
2025-04-24 21:50:31,153 [simulate_environment.py | 140] INFO: Start to update the input of 2025-04-24 23:50:00
2025-04-24 21:50:31,163 [simulate_environment.py | 167] INFO: Get 4 unallocated order items, 5 ongoing order items, 141 completed order items
2025-04-24 21:50:31,165 [simulate_environment.py | 231] INFO: java main_algorithm
2025-04-24 21:50:31,390 [simulate_environment.py | 254] INFO: 2025-04-24 23:50:00, Item 2329510048-1: state = 1 < 2, we can not finish the simulation
2025-04-24 21:50:31,392 [simulate_environment.py | 99] INFO: **************************************************
2025-04-24 21:50:31,392 [simulate_environment.py | 103] INFO: cur time: 2025-04-25 00:00:00, pre time: 2025-04-24 23:50:00
2025-04-24 21:50:31,392 [simulate_environment.py | 140] INFO: Start to update the input of 2025-04-25 00:00:00
2025-04-24 21:50:31,397 [simulate_environment.py | 167] INFO: Get 4 unallocated order items, 5 ongoing order items, 141 completed order items
2025-04-24 21:50:31,398 [simulate_environment.py | 231] INFO: java main_algorithm
2025-04-24 21:50:31,606 [simulate_environment.py | 254] INFO: 2025-04-25 00:00:00, Item 2329510048-1: state = 1 < 2, we can not finish the simulation
2025-04-24 21:50:31,607 [simulate_environment.py | 99] INFO: **************************************************
2025-04-24 21:50:31,607 [simulate_environment.py | 103] INFO: cur time: 2025-04-25 00:10:00, pre time: 2025-04-25 00:00:00
2025-04-24 21:50:31,607 [simulate_environment.py | 140] INFO: Start to update the input of 2025-04-25 00:10:00
2025-04-24 21:50:31,616 [simulate_environment.py | 167] INFO: Get 1 unallocated order items, 8 ongoing order items, 141 completed order items
2025-04-24 21:50:31,617 [simulate_environment.py | 231] INFO: java main_algorithm
2025-04-24 21:50:31,859 [simulate_environment.py | 254] INFO: 2025-04-25 00:10:00, Item 2338530049-1: state = 1 < 2, we can not finish the simulation
2025-04-24 21:50:31,859 [simulate_environment.py | 99] INFO: **************************************************
2025-04-24 21:50:31,859 [simulate_environment.py | 103] INFO: cur time: 2025-04-25 00:20:00, pre time: 2025-04-25 00:10:00
2025-04-24 21:50:31,859 [simulate_environment.py | 140] INFO: Start to update the input of 2025-04-25 00:20:00
2025-04-24 21:50:31,866 [simulate_environment.py | 167] INFO: Get 1 unallocated order items, 8 ongoing order items, 141 completed order items
2025-04-24 21:50:31,868 [simulate_environment.py | 231] INFO: java main_algorithm
2025-04-24 21:50:32,071 [simulate_environment.py | 254] INFO: 2025-04-25 00:20:00, Item 2338530049-1: state = 1 < 2, we can not finish the simulation
2025-04-24 21:50:32,072 [simulate_environment.py | 99] INFO: **************************************************
2025-04-24 21:50:32,072 [simulate_environment.py | 103] INFO: cur time: 2025-04-25 00:30:00, pre time: 2025-04-25 00:20:00
2025-04-24 21:50:32,072 [simulate_environment.py | 140] INFO: Start to update the input of 2025-04-25 00:30:00
2025-04-24 21:50:32,085 [simulate_environment.py | 167] INFO: Get 1 unallocated order items, 8 ongoing order items, 141 completed order items
2025-04-24 21:50:32,087 [simulate_environment.py | 231] INFO: java main_algorithm
2025-04-24 21:50:32,302 [simulate_environment.py | 254] INFO: 2025-04-25 00:30:00, Item 2338530049-1: state = 1 < 2, we can not finish the simulation
2025-04-24 21:50:32,302 [simulate_environment.py | 99] INFO: **************************************************
2025-04-24 21:50:32,302 [simulate_environment.py | 103] INFO: cur time: 2025-04-25 00:40:00, pre time: 2025-04-25 00:30:00
2025-04-24 21:50:32,302 [simulate_environment.py | 140] INFO: Start to update the input of 2025-04-25 00:40:00
2025-04-24 21:50:32,304 [simulate_environment.py | 167] INFO: Get 1 unallocated order items, 8 ongoing order items, 141 completed order items
2025-04-24 21:50:32,309 [simulate_environment.py | 231] INFO: java main_algorithm
2025-04-24 21:50:32,543 [simulate_environment.py | 254] INFO: 2025-04-25 00:40:00, Item 2338530049-1: state = 1 < 2, we can not finish the simulation
2025-04-24 21:50:32,544 [simulate_environment.py | 99] INFO: **************************************************
2025-04-24 21:50:32,544 [simulate_environment.py | 103] INFO: cur time: 2025-04-25 00:50:00, pre time: 2025-04-25 00:40:00
2025-04-24 21:50:32,544 [simulate_environment.py | 140] INFO: Start to update the input of 2025-04-25 00:50:00
2025-04-24 21:50:32,554 [simulate_environment.py | 167] INFO: Get 0 unallocated order items, 9 ongoing order items, 141 completed order items
2025-04-24 21:50:32,556 [simulate_environment.py | 231] INFO: java main_algorithm
2025-04-24 21:50:32,758 [simulate_environment.py | 257] INFO: 2025-04-25 00:50:00, the status of all items is greater than 1, we could finish the simulation
2025-04-24 21:50:32,772 [evaluator.py    | 52] INFO: Traveling Distance of Vehicle V_1 is  108.200, visited node list: 104
2025-04-24 21:50:32,772 [evaluator.py    | 52] INFO: Traveling Distance of Vehicle V_2 is  133.900, visited node list: 55
2025-04-24 21:50:32,772 [evaluator.py    | 52] INFO: Traveling Distance of Vehicle V_3 is  166.400, visited node list: 90
2025-04-24 21:50:32,772 [evaluator.py    | 52] INFO: Traveling Distance of Vehicle V_4 is  123.700, visited node list: 81
2025-04-24 21:50:32,772 [evaluator.py    | 52] INFO: Traveling Distance of Vehicle V_5 is  175.500, visited node list: 58
2025-04-24 21:50:32,773 [evaluator.py    | 33] INFO: Total distance:  707.700
2025-04-24 21:50:32,773 [evaluator.py    | 35] INFO: Sum over time:  6883.000
2025-04-24 21:50:32,773 [evaluator.py    | 37] INFO: Total score:  19260.984
2025-04-24 21:50:32,777 [main.py         | 53] INFO: Score of instance_7: 19260.984444444446
