2025-08-18 03:43:57,949 [main.py         | 48] INFO: Start to run instance_12
2025-08-18 03:43:57,950 [simulate_api.py | 60] INFO: Start time of the simulator: 2025-08-18 00:00:00, time interval:  600.00
2025-08-18 03:43:57,980 [input_utils.py  | 48] INFO: Get 154 factories
2025-08-18 03:43:59,458 [input_utils.py  | 52] INFO: Get 23562 routes
2025-08-18 03:43:59,478 [input_utils.py  | 57] INFO: Get 5 vehicles
2025-08-18 03:43:59,503 [input_utils.py  | 61] INFO: Get 100 orders
2025-08-18 03:43:59,503 [simulate_api.py | 87] INFO: Initial position of V_1 is e2d5093fbe36431f8986ddb0e1c586be
2025-08-18 03:43:59,503 [simulate_api.py | 87] INFO: Initial position of V_2 is 7fe14b93f0f04ee7a994ef5b2c1fdb72
2025-08-18 03:43:59,503 [simulate_api.py | 87] INFO: Initial position of V_3 is fa366fc87a124d32926daa5bb093129f
2025-08-18 03:43:59,503 [simulate_api.py | 87] INFO: Initial position of V_4 is e47399648fa842b2b8f80094343d8091
2025-08-18 03:43:59,503 [simulate_api.py | 87] INFO: Initial position of V_5 is becb4f85393540b287e7329758b8d832
2025-08-18 03:43:59,503 [simulate_environment.py | 99] INFO: **************************************************
2025-08-18 03:43:59,503 [simulate_environment.py | 103] INFO: cur time: 2025-08-18 00:10:00, pre time: 2025-08-18 00:00:00
2025-08-18 03:43:59,503 [simulate_environment.py | 140] INFO: Start to update the input of 2025-08-18 00:10:00
2025-08-18 03:43:59,503 [simulate_environment.py | 167] INFO: Get 0 unallocated order items, 0 ongoing order items, 0 completed order items
2025-08-18 03:43:59,503 [simulate_environment.py | 231] INFO: java main_algorithm
2025-08-18 03:44:00,178 [simulate_environment.py | 254] INFO: 2025-08-18 00:10:00, Item 0010420001-1: state = 0 < 2, we can not finish the simulation
2025-08-18 03:44:00,178 [simulate_environment.py | 99] INFO: **************************************************
2025-08-18 03:44:00,178 [simulate_environment.py | 103] INFO: cur time: 2025-08-18 00:20:00, pre time: 2025-08-18 00:10:00
2025-08-18 03:44:00,180 [simulate_environment.py | 140] INFO: Start to update the input of 2025-08-18 00:20:00
2025-08-18 03:44:00,180 [simulate_environment.py | 167] INFO: Get 9 unallocated order items, 0 ongoing order items, 0 completed order items
2025-08-18 03:44:00,183 [simulate_environment.py | 231] INFO: java main_algorithm
2025-08-18 03:44:00,599 [simulate_environment.py | 254] INFO: 2025-08-18 00:20:00, Item 0010420001-1: state = 1 < 2, we can not finish the simulation
2025-08-18 03:44:00,600 [simulate_environment.py | 99] INFO: **************************************************
2025-08-18 03:44:00,600 [simulate_environment.py | 103] INFO: cur time: 2025-08-18 00:30:00, pre time: 2025-08-18 00:20:00
2025-08-18 03:44:00,600 [simulate_environment.py | 140] INFO: Start to update the input of 2025-08-18 00:30:00
2025-08-18 03:44:00,602 [simulate_environment.py | 167] INFO: Get 10 unallocated order items, 0 ongoing order items, 0 completed order items
2025-08-18 03:44:00,605 [simulate_environment.py | 231] INFO: java main_algorithm
2025-08-18 03:44:00,985 [simulate_environment.py | 254] INFO: 2025-08-18 00:30:00, Item 0010420001-1: state = 1 < 2, we can not finish the simulation
2025-08-18 03:44:00,985 [simulate_environment.py | 99] INFO: **************************************************
2025-08-18 03:44:00,985 [simulate_environment.py | 103] INFO: cur time: 2025-08-18 00:40:00, pre time: 2025-08-18 00:30:00
2025-08-18 03:44:00,985 [simulate_environment.py | 140] INFO: Start to update the input of 2025-08-18 00:40:00
2025-08-18 03:44:00,996 [simulate_environment.py | 167] INFO: Get 9 unallocated order items, 3 ongoing order items, 0 completed order items
2025-08-18 03:44:00,999 [simulate_environment.py | 231] INFO: java main_algorithm
2025-08-18 03:44:01,421 [simulate_environment.py | 254] INFO: 2025-08-18 00:40:00, Item 0012130002-1: state = 1 < 2, we can not finish the simulation
2025-08-18 03:44:01,421 [simulate_environment.py | 99] INFO: **************************************************
2025-08-18 03:44:01,421 [simulate_environment.py | 103] INFO: cur time: 2025-08-18 00:50:00, pre time: 2025-08-18 00:40:00
2025-08-18 03:44:01,421 [simulate_environment.py | 140] INFO: Start to update the input of 2025-08-18 00:50:00
2025-08-18 03:44:01,434 [simulate_environment.py | 167] INFO: Get 9 unallocated order items, 3 ongoing order items, 0 completed order items
2025-08-18 03:44:01,436 [simulate_environment.py | 231] INFO: java main_algorithm
2025-08-18 03:44:01,773 [simulate_environment.py | 254] INFO: 2025-08-18 00:50:00, Item 0012130002-1: state = 1 < 2, we can not finish the simulation
2025-08-18 03:44:01,773 [simulate_environment.py | 99] INFO: **************************************************
2025-08-18 03:44:01,773 [simulate_environment.py | 103] INFO: cur time: 2025-08-18 01:00:00, pre time: 2025-08-18 00:50:00
2025-08-18 03:44:01,774 [simulate_environment.py | 140] INFO: Start to update the input of 2025-08-18 01:00:00
2025-08-18 03:44:01,778 [simulate_environment.py | 167] INFO: Get 9 unallocated order items, 3 ongoing order items, 0 completed order items
2025-08-18 03:44:01,780 [simulate_environment.py | 231] INFO: java main_algorithm
2025-08-18 03:44:02,057 [simulate_environment.py | 254] INFO: 2025-08-18 01:00:00, Item 0012130002-1: state = 1 < 2, we can not finish the simulation
2025-08-18 03:44:02,057 [simulate_environment.py | 99] INFO: **************************************************
2025-08-18 03:44:02,059 [simulate_environment.py | 103] INFO: cur time: 2025-08-18 01:10:00, pre time: 2025-08-18 01:00:00
2025-08-18 03:44:02,059 [simulate_environment.py | 140] INFO: Start to update the input of 2025-08-18 01:10:00
2025-08-18 03:44:02,075 [simulate_environment.py | 167] INFO: Get 2 unallocated order items, 7 ongoing order items, 3 completed order items
2025-08-18 03:44:02,076 [simulate_environment.py | 231] INFO: java main_algorithm
2025-08-18 03:44:02,348 [simulate_environment.py | 254] INFO: 2025-08-18 01:10:00, Item 0024140003-1: state = 1 < 2, we can not finish the simulation
2025-08-18 03:44:02,348 [simulate_environment.py | 99] INFO: **************************************************
2025-08-18 03:44:02,348 [simulate_environment.py | 103] INFO: cur time: 2025-08-18 01:20:00, pre time: 2025-08-18 01:10:00
2025-08-18 03:44:02,348 [simulate_environment.py | 140] INFO: Start to update the input of 2025-08-18 01:20:00
2025-08-18 03:44:02,356 [simulate_environment.py | 167] INFO: Get 2 unallocated order items, 7 ongoing order items, 3 completed order items
2025-08-18 03:44:02,358 [simulate_environment.py | 231] INFO: java main_algorithm
2025-08-18 03:44:02,616 [simulate_environment.py | 254] INFO: 2025-08-18 01:20:00, Item 0024140003-1: state = 1 < 2, we can not finish the simulation
2025-08-18 03:44:02,617 [simulate_environment.py | 99] INFO: **************************************************
2025-08-18 03:44:02,617 [simulate_environment.py | 103] INFO: cur time: 2025-08-18 01:30:00, pre time: 2025-08-18 01:20:00
2025-08-18 03:44:02,618 [simulate_environment.py | 140] INFO: Start to update the input of 2025-08-18 01:30:00
2025-08-18 03:44:02,621 [simulate_environment.py | 167] INFO: Get 2 unallocated order items, 7 ongoing order items, 3 completed order items
2025-08-18 03:44:02,624 [simulate_environment.py | 231] INFO: java main_algorithm
2025-08-18 03:44:02,868 [simulate_environment.py | 254] INFO: 2025-08-18 01:30:00, Item 0024140003-1: state = 1 < 2, we can not finish the simulation
2025-08-18 03:44:02,868 [simulate_environment.py | 99] INFO: **************************************************
2025-08-18 03:44:02,869 [simulate_environment.py | 103] INFO: cur time: 2025-08-18 01:40:00, pre time: 2025-08-18 01:30:00
2025-08-18 03:44:02,869 [simulate_environment.py | 140] INFO: Start to update the input of 2025-08-18 01:40:00
2025-08-18 03:44:02,871 [simulate_environment.py | 167] INFO: Get 2 unallocated order items, 7 ongoing order items, 3 completed order items
2025-08-18 03:44:02,871 [simulate_environment.py | 231] INFO: java main_algorithm
2025-08-18 03:44:03,134 [simulate_environment.py | 254] INFO: 2025-08-18 01:40:00, Item 0024140003-1: state = 1 < 2, we can not finish the simulation
2025-08-18 03:44:03,134 [simulate_environment.py | 99] INFO: **************************************************
2025-08-18 03:44:03,134 [simulate_environment.py | 103] INFO: cur time: 2025-08-18 01:50:00, pre time: 2025-08-18 01:40:00
2025-08-18 03:44:03,134 [simulate_environment.py | 140] INFO: Start to update the input of 2025-08-18 01:50:00
2025-08-18 03:44:03,137 [simulate_environment.py | 167] INFO: Get 2 unallocated order items, 7 ongoing order items, 3 completed order items
2025-08-18 03:44:03,137 [simulate_environment.py | 231] INFO: java main_algorithm
2025-08-18 03:44:03,383 [simulate_environment.py | 254] INFO: 2025-08-18 01:50:00, Item 0024140003-1: state = 1 < 2, we can not finish the simulation
2025-08-18 03:44:03,383 [simulate_environment.py | 99] INFO: **************************************************
2025-08-18 03:44:03,383 [simulate_environment.py | 103] INFO: cur time: 2025-08-18 02:00:00, pre time: 2025-08-18 01:50:00
2025-08-18 03:44:03,383 [simulate_environment.py | 140] INFO: Start to update the input of 2025-08-18 02:00:00
2025-08-18 03:44:03,413 [simulate_environment.py | 167] INFO: Get 2 unallocated order items, 7 ongoing order items, 3 completed order items
2025-08-18 03:44:03,415 [simulate_environment.py | 231] INFO: java main_algorithm
2025-08-18 03:44:03,667 [simulate_environment.py | 254] INFO: 2025-08-18 02:00:00, Item 0024140003-1: state = 1 < 2, we can not finish the simulation
2025-08-18 03:44:03,668 [simulate_environment.py | 99] INFO: **************************************************
2025-08-18 03:44:03,668 [simulate_environment.py | 103] INFO: cur time: 2025-08-18 02:10:00, pre time: 2025-08-18 02:00:00
2025-08-18 03:44:03,668 [simulate_environment.py | 140] INFO: Start to update the input of 2025-08-18 02:10:00
2025-08-18 03:44:03,669 [simulate_environment.py | 167] INFO: Get 3 unallocated order items, 7 ongoing order items, 3 completed order items
2025-08-18 03:44:03,670 [simulate_environment.py | 231] INFO: java main_algorithm
2025-08-18 03:44:03,941 [simulate_environment.py | 254] INFO: 2025-08-18 02:10:00, Item 0024140003-1: state = 1 < 2, we can not finish the simulation
2025-08-18 03:44:03,943 [simulate_environment.py | 99] INFO: **************************************************
2025-08-18 03:44:03,943 [simulate_environment.py | 103] INFO: cur time: 2025-08-18 02:20:00, pre time: 2025-08-18 02:10:00
2025-08-18 03:44:03,943 [simulate_environment.py | 140] INFO: Start to update the input of 2025-08-18 02:20:00
2025-08-18 03:44:03,949 [simulate_environment.py | 167] INFO: Get 1 unallocated order items, 10 ongoing order items, 3 completed order items
2025-08-18 03:44:03,951 [simulate_environment.py | 231] INFO: java main_algorithm
2025-08-18 03:44:04,205 [simulate_environment.py | 254] INFO: 2025-08-18 02:20:00, Item 0212470007-1: state = 1 < 2, we can not finish the simulation
2025-08-18 03:44:04,205 [simulate_environment.py | 99] INFO: **************************************************
2025-08-18 03:44:04,205 [simulate_environment.py | 103] INFO: cur time: 2025-08-18 02:30:00, pre time: 2025-08-18 02:20:00
2025-08-18 03:44:04,205 [simulate_environment.py | 140] INFO: Start to update the input of 2025-08-18 02:30:00
2025-08-18 03:44:04,215 [simulate_environment.py | 167] INFO: Get 1 unallocated order items, 10 ongoing order items, 3 completed order items
2025-08-18 03:44:04,218 [simulate_environment.py | 231] INFO: java main_algorithm
2025-08-18 03:44:04,459 [simulate_environment.py | 254] INFO: 2025-08-18 02:30:00, Item 0212470007-1: state = 1 < 2, we can not finish the simulation
2025-08-18 03:44:04,459 [simulate_environment.py | 99] INFO: **************************************************
2025-08-18 03:44:04,460 [simulate_environment.py | 103] INFO: cur time: 2025-08-18 02:40:00, pre time: 2025-08-18 02:30:00
2025-08-18 03:44:04,460 [simulate_environment.py | 140] INFO: Start to update the input of 2025-08-18 02:40:00
2025-08-18 03:44:04,465 [simulate_environment.py | 167] INFO: Get 2 unallocated order items, 10 ongoing order items, 3 completed order items
2025-08-18 03:44:04,466 [simulate_environment.py | 231] INFO: java main_algorithm
2025-08-18 03:44:04,719 [simulate_environment.py | 254] INFO: 2025-08-18 02:40:00, Item 0212470007-1: state = 1 < 2, we can not finish the simulation
2025-08-18 03:44:04,719 [simulate_environment.py | 99] INFO: **************************************************
2025-08-18 03:44:04,719 [simulate_environment.py | 103] INFO: cur time: 2025-08-18 02:50:00, pre time: 2025-08-18 02:40:00
2025-08-18 03:44:04,720 [simulate_environment.py | 140] INFO: Start to update the input of 2025-08-18 02:50:00
2025-08-18 03:44:04,731 [simulate_environment.py | 167] INFO: Get 3 unallocated order items, 10 ongoing order items, 3 completed order items
2025-08-18 03:44:04,733 [simulate_environment.py | 231] INFO: java main_algorithm
2025-08-18 03:44:04,997 [simulate_environment.py | 254] INFO: 2025-08-18 02:50:00, Item 0212470007-1: state = 1 < 2, we can not finish the simulation
2025-08-18 03:44:04,997 [simulate_environment.py | 99] INFO: **************************************************
2025-08-18 03:44:04,997 [simulate_environment.py | 103] INFO: cur time: 2025-08-18 03:00:00, pre time: 2025-08-18 02:50:00
2025-08-18 03:44:04,997 [simulate_environment.py | 140] INFO: Start to update the input of 2025-08-18 03:00:00
2025-08-18 03:44:05,012 [simulate_environment.py | 167] INFO: Get 3 unallocated order items, 10 ongoing order items, 3 completed order items
2025-08-18 03:44:05,014 [simulate_environment.py | 231] INFO: java main_algorithm
2025-08-18 03:44:05,291 [simulate_environment.py | 254] INFO: 2025-08-18 03:00:00, Item 0212470007-1: state = 1 < 2, we can not finish the simulation
2025-08-18 03:44:05,291 [simulate_environment.py | 99] INFO: **************************************************
2025-08-18 03:44:05,292 [simulate_environment.py | 103] INFO: cur time: 2025-08-18 03:10:00, pre time: 2025-08-18 03:00:00
2025-08-18 03:44:05,292 [simulate_environment.py | 140] INFO: Start to update the input of 2025-08-18 03:10:00
2025-08-18 03:44:05,294 [simulate_environment.py | 167] INFO: Get 3 unallocated order items, 7 ongoing order items, 6 completed order items
2025-08-18 03:44:05,296 [simulate_environment.py | 231] INFO: java main_algorithm
2025-08-18 03:44:05,527 [simulate_environment.py | 254] INFO: 2025-08-18 03:10:00, Item 0212470007-1: state = 1 < 2, we can not finish the simulation
2025-08-18 03:44:05,527 [simulate_environment.py | 99] INFO: **************************************************
2025-08-18 03:44:05,527 [simulate_environment.py | 103] INFO: cur time: 2025-08-18 03:20:00, pre time: 2025-08-18 03:10:00
2025-08-18 03:44:05,527 [simulate_environment.py | 140] INFO: Start to update the input of 2025-08-18 03:20:00
2025-08-18 03:44:05,536 [simulate_environment.py | 167] INFO: Get 3 unallocated order items, 7 ongoing order items, 6 completed order items
2025-08-18 03:44:05,536 [simulate_environment.py | 231] INFO: java main_algorithm
2025-08-18 03:44:05,771 [simulate_environment.py | 254] INFO: 2025-08-18 03:20:00, Item 0212470007-1: state = 1 < 2, we can not finish the simulation
2025-08-18 03:44:05,773 [simulate_environment.py | 99] INFO: **************************************************
2025-08-18 03:44:05,774 [simulate_environment.py | 103] INFO: cur time: 2025-08-18 03:30:00, pre time: 2025-08-18 03:20:00
2025-08-18 03:44:05,774 [simulate_environment.py | 140] INFO: Start to update the input of 2025-08-18 03:30:00
2025-08-18 03:44:05,778 [simulate_environment.py | 167] INFO: Get 3 unallocated order items, 7 ongoing order items, 6 completed order items
2025-08-18 03:44:05,778 [simulate_environment.py | 231] INFO: java main_algorithm
2025-08-18 03:44:06,003 [simulate_environment.py | 254] INFO: 2025-08-18 03:30:00, Item 0212470007-1: state = 1 < 2, we can not finish the simulation
2025-08-18 03:44:06,003 [simulate_environment.py | 99] INFO: **************************************************
2025-08-18 03:44:06,004 [simulate_environment.py | 103] INFO: cur time: 2025-08-18 03:40:00, pre time: 2025-08-18 03:30:00
2025-08-18 03:44:06,004 [simulate_environment.py | 140] INFO: Start to update the input of 2025-08-18 03:40:00
2025-08-18 03:44:06,012 [simulate_environment.py | 167] INFO: Get 4 unallocated order items, 7 ongoing order items, 6 completed order items
2025-08-18 03:44:06,014 [simulate_environment.py | 231] INFO: java main_algorithm
2025-08-18 03:44:06,296 [simulate_environment.py | 254] INFO: 2025-08-18 03:40:00, Item 0212470007-1: state = 1 < 2, we can not finish the simulation
2025-08-18 03:44:06,297 [simulate_environment.py | 99] INFO: **************************************************
2025-08-18 03:44:06,297 [simulate_environment.py | 103] INFO: cur time: 2025-08-18 03:50:00, pre time: 2025-08-18 03:40:00
2025-08-18 03:44:06,297 [simulate_environment.py | 140] INFO: Start to update the input of 2025-08-18 03:50:00
2025-08-18 03:44:06,309 [simulate_environment.py | 167] INFO: Get 16 unallocated order items, 0 ongoing order items, 13 completed order items
2025-08-18 03:44:06,311 [simulate_environment.py | 231] INFO: java main_algorithm
2025-08-18 03:44:06,562 [simulate_environment.py | 254] INFO: 2025-08-18 03:50:00, Item 0212470007-1: state = 1 < 2, we can not finish the simulation
2025-08-18 03:44:06,562 [simulate_environment.py | 99] INFO: **************************************************
2025-08-18 03:44:06,562 [simulate_environment.py | 103] INFO: cur time: 2025-08-18 04:00:00, pre time: 2025-08-18 03:50:00
2025-08-18 03:44:06,562 [simulate_environment.py | 140] INFO: Start to update the input of 2025-08-18 04:00:00
2025-08-18 03:44:06,574 [simulate_environment.py | 167] INFO: Get 10 unallocated order items, 6 ongoing order items, 13 completed order items
2025-08-18 03:44:06,576 [simulate_environment.py | 231] INFO: java main_algorithm
2025-08-18 03:44:06,851 [simulate_environment.py | 254] INFO: 2025-08-18 04:00:00, Item 0246070009-1: state = 1 < 2, we can not finish the simulation
2025-08-18 03:44:06,851 [simulate_environment.py | 99] INFO: **************************************************
2025-08-18 03:44:06,851 [simulate_environment.py | 103] INFO: cur time: 2025-08-18 04:10:00, pre time: 2025-08-18 04:00:00
2025-08-18 03:44:06,851 [simulate_environment.py | 140] INFO: Start to update the input of 2025-08-18 04:10:00
2025-08-18 03:44:06,856 [simulate_environment.py | 167] INFO: Get 10 unallocated order items, 6 ongoing order items, 13 completed order items
2025-08-18 03:44:06,858 [simulate_environment.py | 231] INFO: java main_algorithm
2025-08-18 03:44:07,099 [simulate_environment.py | 254] INFO: 2025-08-18 04:10:00, Item 0246070009-1: state = 1 < 2, we can not finish the simulation
2025-08-18 03:44:07,100 [simulate_environment.py | 99] INFO: **************************************************
2025-08-18 03:44:07,100 [simulate_environment.py | 103] INFO: cur time: 2025-08-18 04:20:00, pre time: 2025-08-18 04:10:00
2025-08-18 03:44:07,100 [simulate_environment.py | 140] INFO: Start to update the input of 2025-08-18 04:20:00
2025-08-18 03:44:07,106 [simulate_environment.py | 167] INFO: Get 11 unallocated order items, 6 ongoing order items, 13 completed order items
2025-08-18 03:44:07,108 [simulate_environment.py | 231] INFO: java main_algorithm
2025-08-18 03:44:07,354 [simulate_environment.py | 254] INFO: 2025-08-18 04:20:00, Item 0246070009-1: state = 1 < 2, we can not finish the simulation
2025-08-18 03:44:07,354 [simulate_environment.py | 99] INFO: **************************************************
2025-08-18 03:44:07,354 [simulate_environment.py | 103] INFO: cur time: 2025-08-18 04:30:00, pre time: 2025-08-18 04:20:00
2025-08-18 03:44:07,354 [simulate_environment.py | 140] INFO: Start to update the input of 2025-08-18 04:30:00
2025-08-18 03:44:07,371 [simulate_environment.py | 167] INFO: Get 2 unallocated order items, 12 ongoing order items, 16 completed order items
2025-08-18 03:44:07,373 [simulate_environment.py | 231] INFO: java main_algorithm
2025-08-18 03:44:07,608 [simulate_environment.py | 254] INFO: 2025-08-18 04:30:00, Item 0246070009-1: state = 1 < 2, we can not finish the simulation
2025-08-18 03:44:07,608 [simulate_environment.py | 99] INFO: **************************************************
2025-08-18 03:44:07,609 [simulate_environment.py | 103] INFO: cur time: 2025-08-18 04:40:00, pre time: 2025-08-18 04:30:00
2025-08-18 03:44:07,609 [simulate_environment.py | 140] INFO: Start to update the input of 2025-08-18 04:40:00
2025-08-18 03:44:07,621 [simulate_environment.py | 167] INFO: Get 6 unallocated order items, 12 ongoing order items, 16 completed order items
2025-08-18 03:44:07,622 [simulate_environment.py | 231] INFO: java main_algorithm
2025-08-18 03:44:07,888 [simulate_environment.py | 254] INFO: 2025-08-18 04:40:00, Item 0246070009-1: state = 1 < 2, we can not finish the simulation
2025-08-18 03:44:07,888 [simulate_environment.py | 99] INFO: **************************************************
2025-08-18 03:44:07,888 [simulate_environment.py | 103] INFO: cur time: 2025-08-18 04:50:00, pre time: 2025-08-18 04:40:00
2025-08-18 03:44:07,888 [simulate_environment.py | 140] INFO: Start to update the input of 2025-08-18 04:50:00
2025-08-18 03:44:07,902 [simulate_environment.py | 167] INFO: Get 7 unallocated order items, 10 ongoing order items, 18 completed order items
2025-08-18 03:44:07,904 [simulate_environment.py | 231] INFO: java main_algorithm
2025-08-18 03:44:08,156 [simulate_environment.py | 254] INFO: 2025-08-18 04:50:00, Item 0246070009-1: state = 1 < 2, we can not finish the simulation
2025-08-18 03:44:08,156 [simulate_environment.py | 99] INFO: **************************************************
2025-08-18 03:44:08,156 [simulate_environment.py | 103] INFO: cur time: 2025-08-18 05:00:00, pre time: 2025-08-18 04:50:00
2025-08-18 03:44:08,157 [simulate_environment.py | 140] INFO: Start to update the input of 2025-08-18 05:00:00
2025-08-18 03:44:08,168 [simulate_environment.py | 167] INFO: Get 7 unallocated order items, 10 ongoing order items, 18 completed order items
2025-08-18 03:44:08,170 [simulate_environment.py | 231] INFO: java main_algorithm
2025-08-18 03:44:08,392 [simulate_environment.py | 254] INFO: 2025-08-18 05:00:00, Item 0246070009-1: state = 1 < 2, we can not finish the simulation
2025-08-18 03:44:08,392 [simulate_environment.py | 99] INFO: **************************************************
2025-08-18 03:44:08,392 [simulate_environment.py | 103] INFO: cur time: 2025-08-18 05:10:00, pre time: 2025-08-18 05:00:00
2025-08-18 03:44:08,394 [simulate_environment.py | 140] INFO: Start to update the input of 2025-08-18 05:10:00
2025-08-18 03:44:08,402 [simulate_environment.py | 167] INFO: Get 7 unallocated order items, 10 ongoing order items, 18 completed order items
2025-08-18 03:44:08,404 [simulate_environment.py | 231] INFO: java main_algorithm
2025-08-18 03:44:08,662 [simulate_environment.py | 254] INFO: 2025-08-18 05:10:00, Item 0246070009-1: state = 1 < 2, we can not finish the simulation
2025-08-18 03:44:08,663 [simulate_environment.py | 99] INFO: **************************************************
2025-08-18 03:44:08,663 [simulate_environment.py | 103] INFO: cur time: 2025-08-18 05:20:00, pre time: 2025-08-18 05:10:00
2025-08-18 03:44:08,663 [simulate_environment.py | 140] INFO: Start to update the input of 2025-08-18 05:20:00
2025-08-18 03:44:08,668 [simulate_environment.py | 167] INFO: Get 7 unallocated order items, 10 ongoing order items, 18 completed order items
2025-08-18 03:44:08,669 [simulate_environment.py | 231] INFO: java main_algorithm
2025-08-18 03:44:08,919 [simulate_environment.py | 254] INFO: 2025-08-18 05:20:00, Item 0246070009-1: state = 1 < 2, we can not finish the simulation
2025-08-18 03:44:08,920 [simulate_environment.py | 99] INFO: **************************************************
2025-08-18 03:44:08,920 [simulate_environment.py | 103] INFO: cur time: 2025-08-18 05:30:00, pre time: 2025-08-18 05:20:00
2025-08-18 03:44:08,920 [simulate_environment.py | 140] INFO: Start to update the input of 2025-08-18 05:30:00
2025-08-18 03:44:08,934 [simulate_environment.py | 167] INFO: Get 7 unallocated order items, 14 ongoing order items, 19 completed order items
2025-08-18 03:44:08,937 [simulate_environment.py | 231] INFO: java main_algorithm
2025-08-18 03:44:09,222 [simulate_environment.py | 254] INFO: 2025-08-18 05:30:00, Item 0412340014-1: state = 1 < 2, we can not finish the simulation
2025-08-18 03:44:09,223 [simulate_environment.py | 99] INFO: **************************************************
2025-08-18 03:44:09,224 [simulate_environment.py | 103] INFO: cur time: 2025-08-18 05:40:00, pre time: 2025-08-18 05:30:00
2025-08-18 03:44:09,224 [simulate_environment.py | 140] INFO: Start to update the input of 2025-08-18 05:40:00
2025-08-18 03:44:09,231 [simulate_environment.py | 167] INFO: Get 6 unallocated order items, 15 ongoing order items, 19 completed order items
2025-08-18 03:44:09,233 [simulate_environment.py | 231] INFO: java main_algorithm
2025-08-18 03:44:09,504 [simulate_environment.py | 254] INFO: 2025-08-18 05:40:00, Item 0412340014-1: state = 1 < 2, we can not finish the simulation
2025-08-18 03:44:09,505 [simulate_environment.py | 99] INFO: **************************************************
2025-08-18 03:44:09,505 [simulate_environment.py | 103] INFO: cur time: 2025-08-18 05:50:00, pre time: 2025-08-18 05:40:00
2025-08-18 03:44:09,505 [simulate_environment.py | 140] INFO: Start to update the input of 2025-08-18 05:50:00
2025-08-18 03:44:09,512 [simulate_environment.py | 167] INFO: Get 6 unallocated order items, 15 ongoing order items, 19 completed order items
2025-08-18 03:44:09,515 [simulate_environment.py | 231] INFO: java main_algorithm
2025-08-18 03:44:09,745 [simulate_environment.py | 254] INFO: 2025-08-18 05:50:00, Item 0412340014-1: state = 1 < 2, we can not finish the simulation
2025-08-18 03:44:09,746 [simulate_environment.py | 99] INFO: **************************************************
2025-08-18 03:44:09,746 [simulate_environment.py | 103] INFO: cur time: 2025-08-18 06:00:00, pre time: 2025-08-18 05:50:00
2025-08-18 03:44:09,746 [simulate_environment.py | 140] INFO: Start to update the input of 2025-08-18 06:00:00
2025-08-18 03:44:09,762 [simulate_environment.py | 167] INFO: Get 11 unallocated order items, 1 ongoing order items, 33 completed order items
2025-08-18 03:44:09,764 [simulate_environment.py | 231] INFO: java main_algorithm
2025-08-18 03:44:10,026 [simulate_environment.py | 254] INFO: 2025-08-18 06:00:00, Item 0412340014-1: state = 1 < 2, we can not finish the simulation
2025-08-18 03:44:10,026 [simulate_environment.py | 99] INFO: **************************************************
2025-08-18 03:44:10,026 [simulate_environment.py | 103] INFO: cur time: 2025-08-18 06:10:00, pre time: 2025-08-18 06:00:00
2025-08-18 03:44:10,026 [simulate_environment.py | 140] INFO: Start to update the input of 2025-08-18 06:10:00
2025-08-18 03:44:10,038 [simulate_environment.py | 167] INFO: Get 11 unallocated order items, 2 ongoing order items, 33 completed order items
2025-08-18 03:44:10,038 [simulate_environment.py | 231] INFO: java main_algorithm
2025-08-18 03:44:10,297 [simulate_environment.py | 254] INFO: 2025-08-18 06:10:00, Item 0528030017-1: state = 1 < 2, we can not finish the simulation
2025-08-18 03:44:10,297 [simulate_environment.py | 99] INFO: **************************************************
2025-08-18 03:44:10,297 [simulate_environment.py | 103] INFO: cur time: 2025-08-18 06:20:00, pre time: 2025-08-18 06:10:00
2025-08-18 03:44:10,297 [simulate_environment.py | 140] INFO: Start to update the input of 2025-08-18 06:20:00
2025-08-18 03:44:10,309 [simulate_environment.py | 167] INFO: Get 11 unallocated order items, 2 ongoing order items, 33 completed order items
2025-08-18 03:44:10,311 [simulate_environment.py | 231] INFO: java main_algorithm
2025-08-18 03:44:10,525 [simulate_environment.py | 254] INFO: 2025-08-18 06:20:00, Item 0528030017-1: state = 1 < 2, we can not finish the simulation
2025-08-18 03:44:10,525 [simulate_environment.py | 99] INFO: **************************************************
2025-08-18 03:44:10,525 [simulate_environment.py | 103] INFO: cur time: 2025-08-18 06:30:00, pre time: 2025-08-18 06:20:00
2025-08-18 03:44:10,525 [simulate_environment.py | 140] INFO: Start to update the input of 2025-08-18 06:30:00
2025-08-18 03:44:10,540 [simulate_environment.py | 167] INFO: Get 13 unallocated order items, 1 ongoing order items, 34 completed order items
2025-08-18 03:44:10,542 [simulate_environment.py | 231] INFO: java main_algorithm
2025-08-18 03:44:10,819 [simulate_environment.py | 254] INFO: 2025-08-18 06:30:00, Item 0528030017-1: state = 1 < 2, we can not finish the simulation
2025-08-18 03:44:10,820 [simulate_environment.py | 99] INFO: **************************************************
2025-08-18 03:44:10,820 [simulate_environment.py | 103] INFO: cur time: 2025-08-18 06:40:00, pre time: 2025-08-18 06:30:00
2025-08-18 03:44:10,821 [simulate_environment.py | 140] INFO: Start to update the input of 2025-08-18 06:40:00
2025-08-18 03:44:10,824 [simulate_environment.py | 167] INFO: Get 7 unallocated order items, 7 ongoing order items, 35 completed order items
2025-08-18 03:44:10,824 [simulate_environment.py | 231] INFO: java main_algorithm
2025-08-18 03:44:11,073 [simulate_environment.py | 254] INFO: 2025-08-18 06:40:00, Item 0553360018-1: state = 1 < 2, we can not finish the simulation
2025-08-18 03:44:11,073 [simulate_environment.py | 99] INFO: **************************************************
2025-08-18 03:44:11,073 [simulate_environment.py | 103] INFO: cur time: 2025-08-18 06:50:00, pre time: 2025-08-18 06:40:00
2025-08-18 03:44:11,073 [simulate_environment.py | 140] INFO: Start to update the input of 2025-08-18 06:50:00
2025-08-18 03:44:11,083 [simulate_environment.py | 167] INFO: Get 7 unallocated order items, 7 ongoing order items, 35 completed order items
2025-08-18 03:44:11,083 [simulate_environment.py | 231] INFO: java main_algorithm
2025-08-18 03:44:11,320 [simulate_environment.py | 254] INFO: 2025-08-18 06:50:00, Item 0553360018-1: state = 1 < 2, we can not finish the simulation
2025-08-18 03:44:11,320 [simulate_environment.py | 99] INFO: **************************************************
2025-08-18 03:44:11,321 [simulate_environment.py | 103] INFO: cur time: 2025-08-18 07:00:00, pre time: 2025-08-18 06:50:00
2025-08-18 03:44:11,321 [simulate_environment.py | 140] INFO: Start to update the input of 2025-08-18 07:00:00
2025-08-18 03:44:11,325 [simulate_environment.py | 167] INFO: Get 7 unallocated order items, 7 ongoing order items, 35 completed order items
2025-08-18 03:44:11,325 [simulate_environment.py | 231] INFO: java main_algorithm
2025-08-18 03:44:11,584 [simulate_environment.py | 254] INFO: 2025-08-18 07:00:00, Item 0553360018-1: state = 1 < 2, we can not finish the simulation
2025-08-18 03:44:11,584 [simulate_environment.py | 99] INFO: **************************************************
2025-08-18 03:44:11,584 [simulate_environment.py | 103] INFO: cur time: 2025-08-18 07:10:00, pre time: 2025-08-18 07:00:00
2025-08-18 03:44:11,584 [simulate_environment.py | 140] INFO: Start to update the input of 2025-08-18 07:10:00
2025-08-18 03:44:11,590 [simulate_environment.py | 167] INFO: Get 7 unallocated order items, 7 ongoing order items, 35 completed order items
2025-08-18 03:44:11,592 [simulate_environment.py | 231] INFO: java main_algorithm
2025-08-18 03:44:11,851 [simulate_environment.py | 254] INFO: 2025-08-18 07:10:00, Item 0553360018-1: state = 1 < 2, we can not finish the simulation
2025-08-18 03:44:11,851 [simulate_environment.py | 99] INFO: **************************************************
2025-08-18 03:44:11,851 [simulate_environment.py | 103] INFO: cur time: 2025-08-18 07:20:00, pre time: 2025-08-18 07:10:00
2025-08-18 03:44:11,852 [simulate_environment.py | 140] INFO: Start to update the input of 2025-08-18 07:20:00
2025-08-18 03:44:11,856 [simulate_environment.py | 167] INFO: Get 6 unallocated order items, 8 ongoing order items, 35 completed order items
2025-08-18 03:44:11,858 [simulate_environment.py | 231] INFO: java main_algorithm
2025-08-18 03:44:12,119 [simulate_environment.py | 254] INFO: 2025-08-18 07:20:00, Item 0553360018-1: state = 1 < 2, we can not finish the simulation
2025-08-18 03:44:12,135 [simulate_environment.py | 99] INFO: **************************************************
2025-08-18 03:44:12,135 [simulate_environment.py | 103] INFO: cur time: 2025-08-18 07:30:00, pre time: 2025-08-18 07:20:00
2025-08-18 03:44:12,135 [simulate_environment.py | 140] INFO: Start to update the input of 2025-08-18 07:30:00
2025-08-18 03:44:12,137 [simulate_environment.py | 167] INFO: Get 6 unallocated order items, 8 ongoing order items, 35 completed order items
2025-08-18 03:44:12,139 [simulate_environment.py | 231] INFO: java main_algorithm
2025-08-18 03:44:12,360 [simulate_environment.py | 254] INFO: 2025-08-18 07:30:00, Item 0553360018-1: state = 1 < 2, we can not finish the simulation
2025-08-18 03:44:12,361 [simulate_environment.py | 99] INFO: **************************************************
2025-08-18 03:44:12,361 [simulate_environment.py | 103] INFO: cur time: 2025-08-18 07:40:00, pre time: 2025-08-18 07:30:00
2025-08-18 03:44:12,361 [simulate_environment.py | 140] INFO: Start to update the input of 2025-08-18 07:40:00
2025-08-18 03:44:12,371 [simulate_environment.py | 167] INFO: Get 5 unallocated order items, 7 ongoing order items, 37 completed order items
2025-08-18 03:44:12,374 [simulate_environment.py | 231] INFO: java main_algorithm
2025-08-18 03:44:12,609 [simulate_environment.py | 254] INFO: 2025-08-18 07:40:00, Item 0553360018-1: state = 1 < 2, we can not finish the simulation
2025-08-18 03:44:12,609 [simulate_environment.py | 99] INFO: **************************************************
2025-08-18 03:44:12,609 [simulate_environment.py | 103] INFO: cur time: 2025-08-18 07:50:00, pre time: 2025-08-18 07:40:00
2025-08-18 03:44:12,609 [simulate_environment.py | 140] INFO: Start to update the input of 2025-08-18 07:50:00
2025-08-18 03:44:12,621 [simulate_environment.py | 167] INFO: Get 14 unallocated order items, 7 ongoing order items, 37 completed order items
2025-08-18 03:44:12,623 [simulate_environment.py | 231] INFO: java main_algorithm
2025-08-18 03:44:12,854 [simulate_environment.py | 254] INFO: 2025-08-18 07:50:00, Item 0553360018-1: state = 1 < 2, we can not finish the simulation
2025-08-18 03:44:12,855 [simulate_environment.py | 99] INFO: **************************************************
2025-08-18 03:44:12,855 [simulate_environment.py | 103] INFO: cur time: 2025-08-18 08:00:00, pre time: 2025-08-18 07:50:00
2025-08-18 03:44:12,855 [simulate_environment.py | 140] INFO: Start to update the input of 2025-08-18 08:00:00
2025-08-18 03:44:12,871 [simulate_environment.py | 167] INFO: Get 15 unallocated order items, 7 ongoing order items, 37 completed order items
2025-08-18 03:44:12,874 [simulate_environment.py | 231] INFO: java main_algorithm
2025-08-18 03:44:13,102 [simulate_environment.py | 254] INFO: 2025-08-18 08:00:00, Item 0553360018-1: state = 1 < 2, we can not finish the simulation
2025-08-18 03:44:13,103 [simulate_environment.py | 99] INFO: **************************************************
2025-08-18 03:44:13,103 [simulate_environment.py | 103] INFO: cur time: 2025-08-18 08:10:00, pre time: 2025-08-18 08:00:00
2025-08-18 03:44:13,103 [simulate_environment.py | 140] INFO: Start to update the input of 2025-08-18 08:10:00
2025-08-18 03:44:13,106 [simulate_environment.py | 167] INFO: Get 25 unallocated order items, 7 ongoing order items, 37 completed order items
2025-08-18 03:44:13,107 [simulate_environment.py | 231] INFO: java main_algorithm
2025-08-18 03:44:13,376 [simulate_environment.py | 254] INFO: 2025-08-18 08:10:00, Item 0553360018-1: state = 1 < 2, we can not finish the simulation
2025-08-18 03:44:13,376 [simulate_environment.py | 99] INFO: **************************************************
2025-08-18 03:44:13,376 [simulate_environment.py | 103] INFO: cur time: 2025-08-18 08:20:00, pre time: 2025-08-18 08:10:00
2025-08-18 03:44:13,377 [simulate_environment.py | 140] INFO: Start to update the input of 2025-08-18 08:20:00
2025-08-18 03:44:13,387 [simulate_environment.py | 167] INFO: Get 21 unallocated order items, 12 ongoing order items, 38 completed order items
2025-08-18 03:44:13,389 [simulate_environment.py | 231] INFO: java main_algorithm
2025-08-18 03:44:13,656 [simulate_environment.py | 254] INFO: 2025-08-18 08:20:00, Item 0747110023-1: state = 1 < 2, we can not finish the simulation
2025-08-18 03:44:13,657 [simulate_environment.py | 99] INFO: **************************************************
2025-08-18 03:44:13,657 [simulate_environment.py | 103] INFO: cur time: 2025-08-18 08:30:00, pre time: 2025-08-18 08:20:00
2025-08-18 03:44:13,657 [simulate_environment.py | 140] INFO: Start to update the input of 2025-08-18 08:30:00
2025-08-18 03:44:13,668 [simulate_environment.py | 167] INFO: Get 27 unallocated order items, 12 ongoing order items, 38 completed order items
2025-08-18 03:44:13,669 [simulate_environment.py | 231] INFO: java main_algorithm
2025-08-18 03:44:13,959 [simulate_environment.py | 254] INFO: 2025-08-18 08:30:00, Item 0747110023-1: state = 1 < 2, we can not finish the simulation
2025-08-18 03:44:13,960 [simulate_environment.py | 99] INFO: **************************************************
2025-08-18 03:44:13,960 [simulate_environment.py | 103] INFO: cur time: 2025-08-18 08:40:00, pre time: 2025-08-18 08:30:00
2025-08-18 03:44:13,960 [simulate_environment.py | 140] INFO: Start to update the input of 2025-08-18 08:40:00
2025-08-18 03:44:13,965 [simulate_environment.py | 167] INFO: Get 27 unallocated order items, 7 ongoing order items, 43 completed order items
2025-08-18 03:44:13,967 [simulate_environment.py | 231] INFO: java main_algorithm
2025-08-18 03:44:14,221 [simulate_environment.py | 254] INFO: 2025-08-18 08:40:00, Item 0747110023-1: state = 1 < 2, we can not finish the simulation
2025-08-18 03:44:14,222 [simulate_environment.py | 99] INFO: **************************************************
2025-08-18 03:44:14,222 [simulate_environment.py | 103] INFO: cur time: 2025-08-18 08:50:00, pre time: 2025-08-18 08:40:00
2025-08-18 03:44:14,222 [simulate_environment.py | 140] INFO: Start to update the input of 2025-08-18 08:50:00
2025-08-18 03:44:14,231 [simulate_environment.py | 167] INFO: Get 20 unallocated order items, 14 ongoing order items, 44 completed order items
2025-08-18 03:44:14,233 [simulate_environment.py | 231] INFO: java main_algorithm
2025-08-18 03:44:14,482 [simulate_environment.py | 254] INFO: 2025-08-18 08:50:00, Item 0752450024-1: state = 1 < 2, we can not finish the simulation
2025-08-18 03:44:14,482 [simulate_environment.py | 99] INFO: **************************************************
2025-08-18 03:44:14,482 [simulate_environment.py | 103] INFO: cur time: 2025-08-18 09:00:00, pre time: 2025-08-18 08:50:00
2025-08-18 03:44:14,482 [simulate_environment.py | 140] INFO: Start to update the input of 2025-08-18 09:00:00
2025-08-18 03:44:14,496 [simulate_environment.py | 167] INFO: Get 20 unallocated order items, 14 ongoing order items, 44 completed order items
2025-08-18 03:44:14,498 [simulate_environment.py | 231] INFO: java main_algorithm
2025-08-18 03:44:14,737 [simulate_environment.py | 254] INFO: 2025-08-18 09:00:00, Item 0752450024-1: state = 1 < 2, we can not finish the simulation
2025-08-18 03:44:14,737 [simulate_environment.py | 99] INFO: **************************************************
2025-08-18 03:44:14,737 [simulate_environment.py | 103] INFO: cur time: 2025-08-18 09:10:00, pre time: 2025-08-18 09:00:00
2025-08-18 03:44:14,737 [simulate_environment.py | 140] INFO: Start to update the input of 2025-08-18 09:10:00
2025-08-18 03:44:14,746 [simulate_environment.py | 167] INFO: Get 37 unallocated order items, 14 ongoing order items, 44 completed order items
2025-08-18 03:44:14,748 [simulate_environment.py | 231] INFO: java main_algorithm
2025-08-18 03:44:14,996 [simulate_environment.py | 254] INFO: 2025-08-18 09:10:00, Item 0752450024-1: state = 1 < 2, we can not finish the simulation
2025-08-18 03:44:14,997 [simulate_environment.py | 99] INFO: **************************************************
2025-08-18 03:44:14,997 [simulate_environment.py | 103] INFO: cur time: 2025-08-18 09:20:00, pre time: 2025-08-18 09:10:00
2025-08-18 03:44:14,997 [simulate_environment.py | 140] INFO: Start to update the input of 2025-08-18 09:20:00
2025-08-18 03:44:15,012 [simulate_environment.py | 167] INFO: Get 37 unallocated order items, 14 ongoing order items, 44 completed order items
2025-08-18 03:44:15,014 [simulate_environment.py | 231] INFO: java main_algorithm
2025-08-18 03:44:15,274 [simulate_environment.py | 254] INFO: 2025-08-18 09:20:00, Item 0752450024-1: state = 1 < 2, we can not finish the simulation
2025-08-18 03:44:15,275 [simulate_environment.py | 99] INFO: **************************************************
2025-08-18 03:44:15,275 [simulate_environment.py | 103] INFO: cur time: 2025-08-18 09:30:00, pre time: 2025-08-18 09:20:00
2025-08-18 03:44:15,275 [simulate_environment.py | 140] INFO: Start to update the input of 2025-08-18 09:30:00
2025-08-18 03:44:15,277 [simulate_environment.py | 167] INFO: Get 36 unallocated order items, 10 ongoing order items, 49 completed order items
2025-08-18 03:44:15,277 [simulate_environment.py | 231] INFO: java main_algorithm
2025-08-18 03:44:15,515 [simulate_environment.py | 254] INFO: 2025-08-18 09:30:00, Item 0752450024-1: state = 1 < 2, we can not finish the simulation
2025-08-18 03:44:15,515 [simulate_environment.py | 99] INFO: **************************************************
2025-08-18 03:44:15,515 [simulate_environment.py | 103] INFO: cur time: 2025-08-18 09:40:00, pre time: 2025-08-18 09:30:00
2025-08-18 03:44:15,515 [simulate_environment.py | 140] INFO: Start to update the input of 2025-08-18 09:40:00
2025-08-18 03:44:15,527 [simulate_environment.py | 167] INFO: Get 37 unallocated order items, 10 ongoing order items, 49 completed order items
2025-08-18 03:44:15,529 [simulate_environment.py | 231] INFO: java main_algorithm
2025-08-18 03:44:15,770 [simulate_environment.py | 254] INFO: 2025-08-18 09:40:00, Item 0752450024-1: state = 1 < 2, we can not finish the simulation
2025-08-18 03:44:15,770 [simulate_environment.py | 99] INFO: **************************************************
2025-08-18 03:44:15,770 [simulate_environment.py | 103] INFO: cur time: 2025-08-18 09:50:00, pre time: 2025-08-18 09:40:00
2025-08-18 03:44:15,770 [simulate_environment.py | 140] INFO: Start to update the input of 2025-08-18 09:50:00
2025-08-18 03:44:15,777 [simulate_environment.py | 167] INFO: Get 38 unallocated order items, 16 ongoing order items, 49 completed order items
2025-08-18 03:44:15,777 [simulate_environment.py | 231] INFO: java main_algorithm
2025-08-18 03:44:16,073 [simulate_environment.py | 254] INFO: 2025-08-18 09:50:00, Item 0752450024-1: state = 1 < 2, we can not finish the simulation
2025-08-18 03:44:16,073 [simulate_environment.py | 99] INFO: **************************************************
2025-08-18 03:44:16,073 [simulate_environment.py | 103] INFO: cur time: 2025-08-18 10:00:00, pre time: 2025-08-18 09:50:00
2025-08-18 03:44:16,073 [simulate_environment.py | 140] INFO: Start to update the input of 2025-08-18 10:00:00
2025-08-18 03:44:16,076 [simulate_environment.py | 167] INFO: Get 41 unallocated order items, 15 ongoing order items, 50 completed order items
2025-08-18 03:44:16,076 [simulate_environment.py | 231] INFO: java main_algorithm
2025-08-18 03:53:16,224 [simulate_environment.py | 254] INFO: 2025-08-18 10:00:00, Item 0752450024-1: state = 1 < 2, we can not finish the simulation
2025-08-18 03:53:16,225 [simulate_environment.py | 99] INFO: **************************************************
2025-08-18 03:53:16,225 [simulate_environment.py | 103] INFO: cur time: 2025-08-18 10:10:00, pre time: 2025-08-18 10:00:00
2025-08-18 03:53:16,225 [simulate_environment.py | 140] INFO: Start to update the input of 2025-08-18 10:10:00
2025-08-18 03:53:16,231 [simulate_environment.py | 167] INFO: Get 33 unallocated order items, 25 ongoing order items, 50 completed order items
2025-08-18 03:53:16,234 [simulate_environment.py | 231] INFO: java main_algorithm
2025-08-18 03:53:16,564 [simulate_environment.py | 254] INFO: 2025-08-18 10:10:00, Item 0752450024-1: state = 1 < 2, we can not finish the simulation
2025-08-18 03:53:16,569 [simulate_environment.py | 99] INFO: **************************************************
2025-08-18 03:53:16,569 [simulate_environment.py | 103] INFO: cur time: 2025-08-18 10:20:00, pre time: 2025-08-18 10:10:00
2025-08-18 03:53:16,569 [simulate_environment.py | 140] INFO: Start to update the input of 2025-08-18 10:20:00
2025-08-18 03:53:16,574 [simulate_environment.py | 167] INFO: Get 34 unallocated order items, 25 ongoing order items, 50 completed order items
2025-08-18 03:53:16,577 [simulate_environment.py | 231] INFO: java main_algorithm
2025-08-18 03:53:16,915 [simulate_environment.py | 254] INFO: 2025-08-18 10:20:00, Item 0752450024-1: state = 1 < 2, we can not finish the simulation
2025-08-18 03:53:16,918 [simulate_environment.py | 99] INFO: **************************************************
2025-08-18 03:53:16,918 [simulate_environment.py | 103] INFO: cur time: 2025-08-18 10:30:00, pre time: 2025-08-18 10:20:00
2025-08-18 03:53:16,918 [simulate_environment.py | 140] INFO: Start to update the input of 2025-08-18 10:30:00
2025-08-18 03:53:16,934 [simulate_environment.py | 167] INFO: Get 35 unallocated order items, 18 ongoing order items, 58 completed order items
2025-08-18 03:53:16,937 [simulate_environment.py | 231] INFO: java main_algorithm
2025-08-18 03:53:17,264 [simulate_environment.py | 254] INFO: 2025-08-18 10:30:00, Item 0752450024-1: state = 1 < 2, we can not finish the simulation
2025-08-18 03:53:17,264 [simulate_environment.py | 99] INFO: **************************************************
2025-08-18 03:53:17,264 [simulate_environment.py | 103] INFO: cur time: 2025-08-18 10:40:00, pre time: 2025-08-18 10:30:00
2025-08-18 03:53:17,264 [simulate_environment.py | 140] INFO: Start to update the input of 2025-08-18 10:40:00
2025-08-18 03:53:17,277 [simulate_environment.py | 167] INFO: Get 33 unallocated order items, 21 ongoing order items, 58 completed order items
2025-08-18 03:53:17,280 [simulate_environment.py | 231] INFO: java main_algorithm
2025-08-18 03:53:17,599 [simulate_environment.py | 254] INFO: 2025-08-18 10:40:00, Item 0904360031-1: state = 1 < 2, we can not finish the simulation
2025-08-18 03:53:17,600 [simulate_environment.py | 99] INFO: **************************************************
2025-08-18 03:53:17,600 [simulate_environment.py | 103] INFO: cur time: 2025-08-18 10:50:00, pre time: 2025-08-18 10:40:00
2025-08-18 03:53:17,600 [simulate_environment.py | 140] INFO: Start to update the input of 2025-08-18 10:50:00
2025-08-18 03:53:17,606 [simulate_environment.py | 167] INFO: Get 11 unallocated order items, 43 ongoing order items, 58 completed order items
2025-08-18 03:53:17,611 [simulate_environment.py | 231] INFO: java main_algorithm
2025-08-18 03:53:17,954 [simulate_environment.py | 254] INFO: 2025-08-18 10:50:00, Item 0904360031-1: state = 1 < 2, we can not finish the simulation
2025-08-18 03:53:17,954 [simulate_environment.py | 99] INFO: **************************************************
2025-08-18 03:53:17,954 [simulate_environment.py | 103] INFO: cur time: 2025-08-18 11:00:00, pre time: 2025-08-18 10:50:00
2025-08-18 03:53:17,958 [simulate_environment.py | 140] INFO: Start to update the input of 2025-08-18 11:00:00
2025-08-18 03:53:17,965 [simulate_environment.py | 167] INFO: Get 17 unallocated order items, 43 ongoing order items, 58 completed order items
2025-08-18 03:53:17,969 [simulate_environment.py | 231] INFO: java main_algorithm
2025-08-18 03:53:18,352 [simulate_environment.py | 254] INFO: 2025-08-18 11:00:00, Item 0904360031-1: state = 1 < 2, we can not finish the simulation
2025-08-18 03:53:18,352 [simulate_environment.py | 99] INFO: **************************************************
2025-08-18 03:53:18,352 [simulate_environment.py | 103] INFO: cur time: 2025-08-18 11:10:00, pre time: 2025-08-18 11:00:00
2025-08-18 03:53:18,352 [simulate_environment.py | 140] INFO: Start to update the input of 2025-08-18 11:10:00
2025-08-18 03:53:18,359 [simulate_environment.py | 167] INFO: Get 17 unallocated order items, 43 ongoing order items, 58 completed order items
2025-08-18 03:53:18,359 [simulate_environment.py | 231] INFO: java main_algorithm
2025-08-18 03:53:18,651 [simulate_environment.py | 254] INFO: 2025-08-18 11:10:00, Item 0904360031-1: state = 1 < 2, we can not finish the simulation
2025-08-18 03:53:18,651 [simulate_environment.py | 99] INFO: **************************************************
2025-08-18 03:53:18,651 [simulate_environment.py | 103] INFO: cur time: 2025-08-18 11:20:00, pre time: 2025-08-18 11:10:00
2025-08-18 03:53:18,651 [simulate_environment.py | 140] INFO: Start to update the input of 2025-08-18 11:20:00
2025-08-18 03:53:18,657 [simulate_environment.py | 167] INFO: Get 18 unallocated order items, 43 ongoing order items, 58 completed order items
2025-08-18 03:53:18,660 [simulate_environment.py | 231] INFO: java main_algorithm
2025-08-18 03:53:19,068 [simulate_environment.py | 254] INFO: 2025-08-18 11:20:00, Item 0904360031-1: state = 1 < 2, we can not finish the simulation
2025-08-18 03:53:19,068 [simulate_environment.py | 99] INFO: **************************************************
2025-08-18 03:53:19,068 [simulate_environment.py | 103] INFO: cur time: 2025-08-18 11:30:00, pre time: 2025-08-18 11:20:00
2025-08-18 03:53:19,068 [simulate_environment.py | 140] INFO: Start to update the input of 2025-08-18 11:30:00
2025-08-18 03:53:19,074 [simulate_environment.py | 167] INFO: Get 18 unallocated order items, 37 ongoing order items, 64 completed order items
2025-08-18 03:53:19,074 [simulate_environment.py | 231] INFO: java main_algorithm
2025-08-18 03:53:19,389 [simulate_environment.py | 254] INFO: 2025-08-18 11:30:00, Item 0904360031-1: state = 1 < 2, we can not finish the simulation
2025-08-18 03:53:19,389 [simulate_environment.py | 99] INFO: **************************************************
2025-08-18 03:53:19,389 [simulate_environment.py | 103] INFO: cur time: 2025-08-18 11:40:00, pre time: 2025-08-18 11:30:00
2025-08-18 03:53:19,389 [simulate_environment.py | 140] INFO: Start to update the input of 2025-08-18 11:40:00
2025-08-18 03:53:19,403 [simulate_environment.py | 167] INFO: Get 18 unallocated order items, 37 ongoing order items, 64 completed order items
2025-08-18 03:53:19,406 [simulate_environment.py | 231] INFO: java main_algorithm
2025-08-18 03:53:19,696 [simulate_environment.py | 254] INFO: 2025-08-18 11:40:00, Item 0904360031-1: state = 1 < 2, we can not finish the simulation
2025-08-18 03:53:19,697 [simulate_environment.py | 99] INFO: **************************************************
2025-08-18 03:53:19,697 [simulate_environment.py | 103] INFO: cur time: 2025-08-18 11:50:00, pre time: 2025-08-18 11:40:00
2025-08-18 03:53:19,697 [simulate_environment.py | 140] INFO: Start to update the input of 2025-08-18 11:50:00
2025-08-18 03:53:19,700 [simulate_environment.py | 167] INFO: Get 15 unallocated order items, 31 ongoing order items, 74 completed order items
2025-08-18 03:53:19,700 [simulate_environment.py | 231] INFO: java main_algorithm
2025-08-18 03:53:20,023 [simulate_environment.py | 254] INFO: 2025-08-18 11:50:00, Item 0904360031-1: state = 1 < 2, we can not finish the simulation
2025-08-18 03:53:20,023 [simulate_environment.py | 99] INFO: **************************************************
2025-08-18 03:53:20,023 [simulate_environment.py | 103] INFO: cur time: 2025-08-18 12:00:00, pre time: 2025-08-18 11:50:00
2025-08-18 03:53:20,024 [simulate_environment.py | 140] INFO: Start to update the input of 2025-08-18 12:00:00
2025-08-18 03:53:20,028 [simulate_environment.py | 167] INFO: Get 18 unallocated order items, 31 ongoing order items, 74 completed order items
2025-08-18 03:53:20,029 [simulate_environment.py | 231] INFO: java main_algorithm
2025-08-18 03:53:20,362 [simulate_environment.py | 254] INFO: 2025-08-18 12:00:00, Item 0904360031-1: state = 1 < 2, we can not finish the simulation
2025-08-18 03:53:20,362 [simulate_environment.py | 99] INFO: **************************************************
2025-08-18 03:53:20,362 [simulate_environment.py | 103] INFO: cur time: 2025-08-18 12:10:00, pre time: 2025-08-18 12:00:00
2025-08-18 03:53:20,362 [simulate_environment.py | 140] INFO: Start to update the input of 2025-08-18 12:10:00
2025-08-18 03:53:20,372 [simulate_environment.py | 167] INFO: Get 12 unallocated order items, 34 ongoing order items, 77 completed order items
2025-08-18 03:53:20,372 [simulate_environment.py | 231] INFO: java main_algorithm
2025-08-18 03:53:20,662 [simulate_environment.py | 254] INFO: 2025-08-18 12:10:00, Item 1002470040-1: state = 1 < 2, we can not finish the simulation
2025-08-18 03:53:20,662 [simulate_environment.py | 99] INFO: **************************************************
2025-08-18 03:53:20,662 [simulate_environment.py | 103] INFO: cur time: 2025-08-18 12:20:00, pre time: 2025-08-18 12:10:00
2025-08-18 03:53:20,662 [simulate_environment.py | 140] INFO: Start to update the input of 2025-08-18 12:20:00
2025-08-18 03:53:20,668 [simulate_environment.py | 167] INFO: Get 12 unallocated order items, 32 ongoing order items, 79 completed order items
2025-08-18 03:53:20,671 [simulate_environment.py | 231] INFO: java main_algorithm
2025-08-18 03:53:20,943 [simulate_environment.py | 254] INFO: 2025-08-18 12:20:00, Item 1002470040-1: state = 1 < 2, we can not finish the simulation
2025-08-18 03:53:20,943 [simulate_environment.py | 99] INFO: **************************************************
2025-08-18 03:53:20,943 [simulate_environment.py | 103] INFO: cur time: 2025-08-18 12:30:00, pre time: 2025-08-18 12:20:00
2025-08-18 03:53:20,943 [simulate_environment.py | 140] INFO: Start to update the input of 2025-08-18 12:30:00
2025-08-18 03:53:20,949 [simulate_environment.py | 167] INFO: Get 12 unallocated order items, 32 ongoing order items, 79 completed order items
2025-08-18 03:53:20,952 [simulate_environment.py | 231] INFO: java main_algorithm
2025-08-18 03:53:21,224 [simulate_environment.py | 254] INFO: 2025-08-18 12:30:00, Item 1002470040-1: state = 1 < 2, we can not finish the simulation
2025-08-18 03:53:21,225 [simulate_environment.py | 99] INFO: **************************************************
2025-08-18 03:53:21,225 [simulate_environment.py | 103] INFO: cur time: 2025-08-18 12:40:00, pre time: 2025-08-18 12:30:00
2025-08-18 03:53:21,225 [simulate_environment.py | 140] INFO: Start to update the input of 2025-08-18 12:40:00
2025-08-18 03:53:21,231 [simulate_environment.py | 167] INFO: Get 13 unallocated order items, 29 ongoing order items, 82 completed order items
2025-08-18 03:53:21,233 [simulate_environment.py | 231] INFO: java main_algorithm
2025-08-18 03:53:21,521 [simulate_environment.py | 254] INFO: 2025-08-18 12:40:00, Item 1002470040-1: state = 1 < 2, we can not finish the simulation
2025-08-18 03:53:21,521 [simulate_environment.py | 99] INFO: **************************************************
2025-08-18 03:53:21,521 [simulate_environment.py | 103] INFO: cur time: 2025-08-18 12:50:00, pre time: 2025-08-18 12:40:00
2025-08-18 03:53:21,522 [simulate_environment.py | 140] INFO: Start to update the input of 2025-08-18 12:50:00
2025-08-18 03:53:21,527 [simulate_environment.py | 167] INFO: Get 13 unallocated order items, 26 ongoing order items, 86 completed order items
2025-08-18 03:53:21,531 [simulate_environment.py | 231] INFO: java main_algorithm
2025-08-18 03:53:21,849 [simulate_environment.py | 254] INFO: 2025-08-18 12:50:00, Item 1053410044-1: state = 1 < 2, we can not finish the simulation
2025-08-18 03:53:21,849 [simulate_environment.py | 99] INFO: **************************************************
2025-08-18 03:53:21,849 [simulate_environment.py | 103] INFO: cur time: 2025-08-18 13:00:00, pre time: 2025-08-18 12:50:00
2025-08-18 03:53:21,849 [simulate_environment.py | 140] INFO: Start to update the input of 2025-08-18 13:00:00
2025-08-18 03:53:21,856 [simulate_environment.py | 167] INFO: Get 13 unallocated order items, 26 ongoing order items, 86 completed order items
2025-08-18 03:53:21,859 [simulate_environment.py | 231] INFO: java main_algorithm
2025-08-18 03:53:22,106 [simulate_environment.py | 254] INFO: 2025-08-18 13:00:00, Item 1053410044-1: state = 1 < 2, we can not finish the simulation
2025-08-18 03:53:22,106 [simulate_environment.py | 99] INFO: **************************************************
2025-08-18 03:53:22,106 [simulate_environment.py | 103] INFO: cur time: 2025-08-18 13:10:00, pre time: 2025-08-18 13:00:00
2025-08-18 03:53:22,106 [simulate_environment.py | 140] INFO: Start to update the input of 2025-08-18 13:10:00
2025-08-18 03:53:22,121 [simulate_environment.py | 167] INFO: Get 13 unallocated order items, 7 ongoing order items, 105 completed order items
2025-08-18 03:53:22,123 [simulate_environment.py | 231] INFO: java main_algorithm
2025-08-18 03:53:22,395 [simulate_environment.py | 254] INFO: 2025-08-18 13:10:00, Item 1053410044-1: state = 1 < 2, we can not finish the simulation
2025-08-18 03:53:22,398 [simulate_environment.py | 99] INFO: **************************************************
2025-08-18 03:53:22,398 [simulate_environment.py | 103] INFO: cur time: 2025-08-18 13:20:00, pre time: 2025-08-18 13:10:00
2025-08-18 03:53:22,398 [simulate_environment.py | 140] INFO: Start to update the input of 2025-08-18 13:20:00
2025-08-18 03:53:22,403 [simulate_environment.py | 167] INFO: Get 13 unallocated order items, 5 ongoing order items, 107 completed order items
2025-08-18 03:53:22,404 [simulate_environment.py | 231] INFO: java main_algorithm
2025-08-18 03:53:22,648 [simulate_environment.py | 254] INFO: 2025-08-18 13:20:00, Item 1053410044-1: state = 1 < 2, we can not finish the simulation
2025-08-18 03:53:22,649 [simulate_environment.py | 99] INFO: **************************************************
2025-08-18 03:53:22,649 [simulate_environment.py | 103] INFO: cur time: 2025-08-18 13:30:00, pre time: 2025-08-18 13:20:00
2025-08-18 03:53:22,649 [simulate_environment.py | 140] INFO: Start to update the input of 2025-08-18 13:30:00
2025-08-18 03:53:22,653 [simulate_environment.py | 167] INFO: Get 13 unallocated order items, 1 ongoing order items, 111 completed order items
2025-08-18 03:53:22,655 [simulate_environment.py | 231] INFO: java main_algorithm
2025-08-18 03:53:22,933 [simulate_environment.py | 254] INFO: 2025-08-18 13:30:00, Item 1053410044-1: state = 1 < 2, we can not finish the simulation
2025-08-18 03:53:22,935 [simulate_environment.py | 99] INFO: **************************************************
2025-08-18 03:53:22,935 [simulate_environment.py | 103] INFO: cur time: 2025-08-18 13:40:00, pre time: 2025-08-18 13:30:00
2025-08-18 03:53:22,935 [simulate_environment.py | 140] INFO: Start to update the input of 2025-08-18 13:40:00
2025-08-18 03:53:22,950 [simulate_environment.py | 167] INFO: Get 17 unallocated order items, 1 ongoing order items, 111 completed order items
2025-08-18 03:53:22,953 [simulate_environment.py | 231] INFO: java main_algorithm
2025-08-18 03:53:23,223 [simulate_environment.py | 254] INFO: 2025-08-18 13:40:00, Item 1053410044-1: state = 1 < 2, we can not finish the simulation
2025-08-18 03:53:23,223 [simulate_environment.py | 99] INFO: **************************************************
2025-08-18 03:53:23,223 [simulate_environment.py | 103] INFO: cur time: 2025-08-18 13:50:00, pre time: 2025-08-18 13:40:00
2025-08-18 03:53:23,223 [simulate_environment.py | 140] INFO: Start to update the input of 2025-08-18 13:50:00
2025-08-18 03:53:23,231 [simulate_environment.py | 167] INFO: Get 17 unallocated order items, 0 ongoing order items, 112 completed order items
2025-08-18 03:53:23,231 [simulate_environment.py | 231] INFO: java main_algorithm
2025-08-18 03:53:23,469 [simulate_environment.py | 254] INFO: 2025-08-18 13:50:00, Item 1053410044-1: state = 1 < 2, we can not finish the simulation
2025-08-18 03:53:23,469 [simulate_environment.py | 99] INFO: **************************************************
2025-08-18 03:53:23,469 [simulate_environment.py | 103] INFO: cur time: 2025-08-18 14:00:00, pre time: 2025-08-18 13:50:00
2025-08-18 03:53:23,469 [simulate_environment.py | 140] INFO: Start to update the input of 2025-08-18 14:00:00
2025-08-18 03:53:23,480 [simulate_environment.py | 167] INFO: Get 13 unallocated order items, 6 ongoing order items, 112 completed order items
2025-08-18 03:53:23,483 [simulate_environment.py | 231] INFO: java main_algorithm
2025-08-18 03:53:23,815 [simulate_environment.py | 254] INFO: 2025-08-18 14:00:00, Item 1110310045-1: state = 1 < 2, we can not finish the simulation
2025-08-18 03:53:23,815 [simulate_environment.py | 99] INFO: **************************************************
2025-08-18 03:53:23,817 [simulate_environment.py | 103] INFO: cur time: 2025-08-18 14:10:00, pre time: 2025-08-18 14:00:00
2025-08-18 03:53:23,817 [simulate_environment.py | 140] INFO: Start to update the input of 2025-08-18 14:10:00
2025-08-18 03:53:23,824 [simulate_environment.py | 167] INFO: Get 9 unallocated order items, 10 ongoing order items, 112 completed order items
2025-08-18 03:53:23,826 [simulate_environment.py | 231] INFO: java main_algorithm
2025-08-18 03:53:24,098 [simulate_environment.py | 254] INFO: 2025-08-18 14:10:00, Item 1154200047-1: state = 1 < 2, we can not finish the simulation
2025-08-18 03:53:24,099 [simulate_environment.py | 99] INFO: **************************************************
2025-08-18 03:53:24,099 [simulate_environment.py | 103] INFO: cur time: 2025-08-18 14:20:00, pre time: 2025-08-18 14:10:00
2025-08-18 03:53:24,099 [simulate_environment.py | 140] INFO: Start to update the input of 2025-08-18 14:20:00
2025-08-18 03:53:24,106 [simulate_environment.py | 167] INFO: Get 10 unallocated order items, 10 ongoing order items, 112 completed order items
2025-08-18 03:53:24,108 [simulate_environment.py | 231] INFO: java main_algorithm
2025-08-18 03:53:24,399 [simulate_environment.py | 254] INFO: 2025-08-18 14:20:00, Item 1154200047-1: state = 1 < 2, we can not finish the simulation
2025-08-18 03:53:24,399 [simulate_environment.py | 99] INFO: **************************************************
2025-08-18 03:53:24,399 [simulate_environment.py | 103] INFO: cur time: 2025-08-18 14:30:00, pre time: 2025-08-18 14:20:00
2025-08-18 03:53:24,399 [simulate_environment.py | 140] INFO: Start to update the input of 2025-08-18 14:30:00
2025-08-18 03:53:24,404 [simulate_environment.py | 167] INFO: Get 10 unallocated order items, 10 ongoing order items, 112 completed order items
2025-08-18 03:53:24,404 [simulate_environment.py | 231] INFO: java main_algorithm
2025-08-18 03:53:24,667 [simulate_environment.py | 254] INFO: 2025-08-18 14:30:00, Item 1154200047-1: state = 1 < 2, we can not finish the simulation
2025-08-18 03:53:24,667 [simulate_environment.py | 99] INFO: **************************************************
2025-08-18 03:53:24,669 [simulate_environment.py | 103] INFO: cur time: 2025-08-18 14:40:00, pre time: 2025-08-18 14:30:00
2025-08-18 03:53:24,669 [simulate_environment.py | 140] INFO: Start to update the input of 2025-08-18 14:40:00
2025-08-18 03:53:24,684 [simulate_environment.py | 167] INFO: Get 9 unallocated order items, 13 ongoing order items, 112 completed order items
2025-08-18 03:53:24,686 [simulate_environment.py | 231] INFO: java main_algorithm
2025-08-18 03:53:25,019 [simulate_environment.py | 254] INFO: 2025-08-18 14:40:00, Item 1334540050-1: state = 1 < 2, we can not finish the simulation
2025-08-18 03:53:25,019 [simulate_environment.py | 99] INFO: **************************************************
2025-08-18 03:53:25,019 [simulate_environment.py | 103] INFO: cur time: 2025-08-18 14:50:00, pre time: 2025-08-18 14:40:00
2025-08-18 03:53:25,019 [simulate_environment.py | 140] INFO: Start to update the input of 2025-08-18 14:50:00
2025-08-18 03:53:25,027 [simulate_environment.py | 167] INFO: Get 6 unallocated order items, 16 ongoing order items, 112 completed order items
2025-08-18 03:53:25,030 [simulate_environment.py | 231] INFO: java main_algorithm
2025-08-18 03:53:25,295 [simulate_environment.py | 254] INFO: 2025-08-18 14:50:00, Item 1334540050-1: state = 1 < 2, we can not finish the simulation
2025-08-18 03:53:25,295 [simulate_environment.py | 99] INFO: **************************************************
2025-08-18 03:53:25,295 [simulate_environment.py | 103] INFO: cur time: 2025-08-18 15:00:00, pre time: 2025-08-18 14:50:00
2025-08-18 03:53:25,295 [simulate_environment.py | 140] INFO: Start to update the input of 2025-08-18 15:00:00
2025-08-18 03:53:25,309 [simulate_environment.py | 167] INFO: Get 15 unallocated order items, 7 ongoing order items, 121 completed order items
2025-08-18 03:53:25,311 [simulate_environment.py | 231] INFO: java main_algorithm
2025-08-18 03:53:25,668 [simulate_environment.py | 254] INFO: 2025-08-18 15:00:00, Item 1334540050-1: state = 1 < 2, we can not finish the simulation
2025-08-18 03:53:25,668 [simulate_environment.py | 99] INFO: **************************************************
2025-08-18 03:53:25,668 [simulate_environment.py | 103] INFO: cur time: 2025-08-18 15:10:00, pre time: 2025-08-18 15:00:00
2025-08-18 03:53:25,668 [simulate_environment.py | 140] INFO: Start to update the input of 2025-08-18 15:10:00
2025-08-18 03:53:25,684 [simulate_environment.py | 167] INFO: Get 11 unallocated order items, 8 ongoing order items, 124 completed order items
2025-08-18 03:53:25,685 [simulate_environment.py | 231] INFO: java main_algorithm
2025-08-18 03:53:25,968 [simulate_environment.py | 254] INFO: 2025-08-18 15:10:00, Item 1415100052-1: state = 1 < 2, we can not finish the simulation
2025-08-18 03:53:25,968 [simulate_environment.py | 99] INFO: **************************************************
2025-08-18 03:53:25,968 [simulate_environment.py | 103] INFO: cur time: 2025-08-18 15:20:00, pre time: 2025-08-18 15:10:00
2025-08-18 03:53:25,968 [simulate_environment.py | 140] INFO: Start to update the input of 2025-08-18 15:20:00
2025-08-18 03:53:25,981 [simulate_environment.py | 167] INFO: Get 12 unallocated order items, 8 ongoing order items, 124 completed order items
2025-08-18 03:53:25,982 [simulate_environment.py | 231] INFO: java main_algorithm
2025-08-18 03:53:26,289 [simulate_environment.py | 254] INFO: 2025-08-18 15:20:00, Item 1415100052-1: state = 1 < 2, we can not finish the simulation
2025-08-18 03:53:26,289 [simulate_environment.py | 99] INFO: **************************************************
2025-08-18 03:53:26,289 [simulate_environment.py | 103] INFO: cur time: 2025-08-18 15:30:00, pre time: 2025-08-18 15:20:00
2025-08-18 03:53:26,289 [simulate_environment.py | 140] INFO: Start to update the input of 2025-08-18 15:30:00
2025-08-18 03:53:26,293 [simulate_environment.py | 167] INFO: Get 11 unallocated order items, 10 ongoing order items, 124 completed order items
2025-08-18 03:53:26,295 [simulate_environment.py | 231] INFO: java main_algorithm
2025-08-18 03:53:26,568 [simulate_environment.py | 254] INFO: 2025-08-18 15:30:00, Item 1434110053-1: state = 1 < 2, we can not finish the simulation
2025-08-18 03:53:26,569 [simulate_environment.py | 99] INFO: **************************************************
2025-08-18 03:53:26,569 [simulate_environment.py | 103] INFO: cur time: 2025-08-18 15:40:00, pre time: 2025-08-18 15:30:00
2025-08-18 03:53:26,569 [simulate_environment.py | 140] INFO: Start to update the input of 2025-08-18 15:40:00
2025-08-18 03:53:26,575 [simulate_environment.py | 167] INFO: Get 10 unallocated order items, 10 ongoing order items, 125 completed order items
2025-08-18 03:53:26,577 [simulate_environment.py | 231] INFO: java main_algorithm
2025-08-18 03:53:26,878 [simulate_environment.py | 254] INFO: 2025-08-18 15:40:00, Item 1434110053-1: state = 1 < 2, we can not finish the simulation
2025-08-18 03:53:26,878 [simulate_environment.py | 99] INFO: **************************************************
2025-08-18 03:53:26,878 [simulate_environment.py | 103] INFO: cur time: 2025-08-18 15:50:00, pre time: 2025-08-18 15:40:00
2025-08-18 03:53:26,878 [simulate_environment.py | 140] INFO: Start to update the input of 2025-08-18 15:50:00
2025-08-18 03:53:26,887 [simulate_environment.py | 167] INFO: Get 10 unallocated order items, 10 ongoing order items, 125 completed order items
2025-08-18 03:53:26,889 [simulate_environment.py | 231] INFO: java main_algorithm
2025-08-18 03:53:27,172 [simulate_environment.py | 254] INFO: 2025-08-18 15:50:00, Item 1434110053-1: state = 1 < 2, we can not finish the simulation
2025-08-18 03:53:27,172 [simulate_environment.py | 99] INFO: **************************************************
2025-08-18 03:53:27,172 [simulate_environment.py | 103] INFO: cur time: 2025-08-18 16:00:00, pre time: 2025-08-18 15:50:00
2025-08-18 03:53:27,172 [simulate_environment.py | 140] INFO: Start to update the input of 2025-08-18 16:00:00
2025-08-18 03:53:27,184 [simulate_environment.py | 167] INFO: Get 9 unallocated order items, 7 ongoing order items, 129 completed order items
2025-08-18 03:53:27,186 [simulate_environment.py | 231] INFO: java main_algorithm
2025-08-18 03:53:27,499 [simulate_environment.py | 254] INFO: 2025-08-18 16:00:00, Item 1434110053-1: state = 1 < 2, we can not finish the simulation
2025-08-18 03:53:27,499 [simulate_environment.py | 99] INFO: **************************************************
2025-08-18 03:53:27,499 [simulate_environment.py | 103] INFO: cur time: 2025-08-18 16:10:00, pre time: 2025-08-18 16:00:00
2025-08-18 03:53:27,499 [simulate_environment.py | 140] INFO: Start to update the input of 2025-08-18 16:10:00
2025-08-18 03:53:27,512 [simulate_environment.py | 167] INFO: Get 12 unallocated order items, 7 ongoing order items, 129 completed order items
2025-08-18 03:53:27,514 [simulate_environment.py | 231] INFO: java main_algorithm
2025-08-18 03:53:27,793 [simulate_environment.py | 254] INFO: 2025-08-18 16:10:00, Item 1434110053-1: state = 1 < 2, we can not finish the simulation
2025-08-18 03:53:27,793 [simulate_environment.py | 99] INFO: **************************************************
2025-08-18 03:53:27,793 [simulate_environment.py | 103] INFO: cur time: 2025-08-18 16:20:00, pre time: 2025-08-18 16:10:00
2025-08-18 03:53:27,799 [simulate_environment.py | 140] INFO: Start to update the input of 2025-08-18 16:20:00
2025-08-18 03:53:27,809 [simulate_environment.py | 167] INFO: Get 12 unallocated order items, 6 ongoing order items, 130 completed order items
2025-08-18 03:53:27,811 [simulate_environment.py | 231] INFO: java main_algorithm
2025-08-18 03:53:28,099 [simulate_environment.py | 254] INFO: 2025-08-18 16:20:00, Item 1434110053-1: state = 1 < 2, we can not finish the simulation
2025-08-18 03:53:28,101 [simulate_environment.py | 99] INFO: **************************************************
2025-08-18 03:53:28,101 [simulate_environment.py | 103] INFO: cur time: 2025-08-18 16:30:00, pre time: 2025-08-18 16:20:00
2025-08-18 03:53:28,101 [simulate_environment.py | 140] INFO: Start to update the input of 2025-08-18 16:30:00
2025-08-18 03:53:28,106 [simulate_environment.py | 167] INFO: Get 14 unallocated order items, 7 ongoing order items, 130 completed order items
2025-08-18 03:53:28,107 [simulate_environment.py | 231] INFO: java main_algorithm
2025-08-18 03:53:28,399 [simulate_environment.py | 254] INFO: 2025-08-18 16:30:00, Item 1457210057-1: state = 1 < 2, we can not finish the simulation
2025-08-18 03:53:28,399 [simulate_environment.py | 99] INFO: **************************************************
2025-08-18 03:53:28,399 [simulate_environment.py | 103] INFO: cur time: 2025-08-18 16:40:00, pre time: 2025-08-18 16:30:00
2025-08-18 03:53:28,399 [simulate_environment.py | 140] INFO: Start to update the input of 2025-08-18 16:40:00
2025-08-18 03:53:28,403 [simulate_environment.py | 167] INFO: Get 16 unallocated order items, 7 ongoing order items, 130 completed order items
2025-08-18 03:53:28,406 [simulate_environment.py | 231] INFO: java main_algorithm
2025-08-18 03:53:28,714 [simulate_environment.py | 254] INFO: 2025-08-18 16:40:00, Item 1457210057-1: state = 1 < 2, we can not finish the simulation
2025-08-18 03:53:28,715 [simulate_environment.py | 99] INFO: **************************************************
2025-08-18 03:53:28,715 [simulate_environment.py | 103] INFO: cur time: 2025-08-18 16:50:00, pre time: 2025-08-18 16:40:00
2025-08-18 03:53:28,715 [simulate_environment.py | 140] INFO: Start to update the input of 2025-08-18 16:50:00
2025-08-18 03:53:28,731 [simulate_environment.py | 167] INFO: Get 12 unallocated order items, 9 ongoing order items, 132 completed order items
2025-08-18 03:53:28,732 [simulate_environment.py | 231] INFO: java main_algorithm
2025-08-18 03:53:29,023 [simulate_environment.py | 254] INFO: 2025-08-18 16:50:00, Item 1457210057-1: state = 1 < 2, we can not finish the simulation
2025-08-18 03:53:29,023 [simulate_environment.py | 99] INFO: **************************************************
2025-08-18 03:53:29,028 [simulate_environment.py | 103] INFO: cur time: 2025-08-18 17:00:00, pre time: 2025-08-18 16:50:00
2025-08-18 03:53:29,028 [simulate_environment.py | 140] INFO: Start to update the input of 2025-08-18 17:00:00
2025-08-18 03:53:29,043 [simulate_environment.py | 167] INFO: Get 12 unallocated order items, 9 ongoing order items, 132 completed order items
2025-08-18 03:53:29,045 [simulate_environment.py | 231] INFO: java main_algorithm
2025-08-18 03:53:29,330 [simulate_environment.py | 254] INFO: 2025-08-18 17:00:00, Item 1457210057-1: state = 1 < 2, we can not finish the simulation
2025-08-18 03:53:29,331 [simulate_environment.py | 99] INFO: **************************************************
2025-08-18 03:53:29,331 [simulate_environment.py | 103] INFO: cur time: 2025-08-18 17:10:00, pre time: 2025-08-18 17:00:00
2025-08-18 03:53:29,331 [simulate_environment.py | 140] INFO: Start to update the input of 2025-08-18 17:10:00
2025-08-18 03:53:29,340 [simulate_environment.py | 167] INFO: Get 8 unallocated order items, 13 ongoing order items, 132 completed order items
2025-08-18 03:53:29,341 [simulate_environment.py | 231] INFO: java main_algorithm
2025-08-18 03:53:29,618 [simulate_environment.py | 254] INFO: 2025-08-18 17:10:00, Item 1457210057-1: state = 1 < 2, we can not finish the simulation
2025-08-18 03:53:29,628 [simulate_environment.py | 99] INFO: **************************************************
2025-08-18 03:53:29,628 [simulate_environment.py | 103] INFO: cur time: 2025-08-18 17:20:00, pre time: 2025-08-18 17:10:00
2025-08-18 03:53:29,628 [simulate_environment.py | 140] INFO: Start to update the input of 2025-08-18 17:20:00
2025-08-18 03:53:29,637 [simulate_environment.py | 167] INFO: Get 13 unallocated order items, 12 ongoing order items, 133 completed order items
2025-08-18 03:53:29,640 [simulate_environment.py | 231] INFO: java main_algorithm
2025-08-18 03:53:29,972 [simulate_environment.py | 254] INFO: 2025-08-18 17:20:00, Item 1457210057-1: state = 1 < 2, we can not finish the simulation
2025-08-18 03:53:29,972 [simulate_environment.py | 99] INFO: **************************************************
2025-08-18 03:53:29,972 [simulate_environment.py | 103] INFO: cur time: 2025-08-18 17:30:00, pre time: 2025-08-18 17:20:00
2025-08-18 03:53:29,972 [simulate_environment.py | 140] INFO: Start to update the input of 2025-08-18 17:30:00
2025-08-18 03:53:29,981 [simulate_environment.py | 167] INFO: Get 18 unallocated order items, 15 ongoing order items, 133 completed order items
2025-08-18 03:53:29,982 [simulate_environment.py | 231] INFO: java main_algorithm
2025-08-18 03:53:30,309 [simulate_environment.py | 254] INFO: 2025-08-18 17:30:00, Item 1602230061-1: state = 1 < 2, we can not finish the simulation
2025-08-18 03:53:30,309 [simulate_environment.py | 99] INFO: **************************************************
2025-08-18 03:53:30,309 [simulate_environment.py | 103] INFO: cur time: 2025-08-18 17:40:00, pre time: 2025-08-18 17:30:00
2025-08-18 03:53:30,310 [simulate_environment.py | 140] INFO: Start to update the input of 2025-08-18 17:40:00
2025-08-18 03:53:30,325 [simulate_environment.py | 167] INFO: Get 27 unallocated order items, 16 ongoing order items, 134 completed order items
2025-08-18 03:53:30,328 [simulate_environment.py | 231] INFO: java main_algorithm
2025-08-18 03:53:30,663 [simulate_environment.py | 254] INFO: 2025-08-18 17:40:00, Item 1602230061-1: state = 1 < 2, we can not finish the simulation
2025-08-18 03:53:30,663 [simulate_environment.py | 99] INFO: **************************************************
2025-08-18 03:53:30,664 [simulate_environment.py | 103] INFO: cur time: 2025-08-18 17:50:00, pre time: 2025-08-18 17:40:00
2025-08-18 03:53:30,664 [simulate_environment.py | 140] INFO: Start to update the input of 2025-08-18 17:50:00
2025-08-18 03:53:30,668 [simulate_environment.py | 167] INFO: Get 33 unallocated order items, 16 ongoing order items, 134 completed order items
2025-08-18 03:53:30,671 [simulate_environment.py | 231] INFO: java main_algorithm
2025-08-18 03:53:30,993 [simulate_environment.py | 254] INFO: 2025-08-18 17:50:00, Item 1602230061-1: state = 1 < 2, we can not finish the simulation
2025-08-18 03:53:30,993 [simulate_environment.py | 99] INFO: **************************************************
2025-08-18 03:53:30,993 [simulate_environment.py | 103] INFO: cur time: 2025-08-18 18:00:00, pre time: 2025-08-18 17:50:00
2025-08-18 03:53:30,993 [simulate_environment.py | 140] INFO: Start to update the input of 2025-08-18 18:00:00
2025-08-18 03:53:30,996 [simulate_environment.py | 167] INFO: Get 21 unallocated order items, 19 ongoing order items, 143 completed order items
2025-08-18 03:53:30,998 [simulate_environment.py | 231] INFO: java main_algorithm
2025-08-18 03:53:31,288 [simulate_environment.py | 254] INFO: 2025-08-18 18:00:00, Item 1602230061-1: state = 1 < 2, we can not finish the simulation
2025-08-18 03:53:31,288 [simulate_environment.py | 99] INFO: **************************************************
2025-08-18 03:53:31,288 [simulate_environment.py | 103] INFO: cur time: 2025-08-18 18:10:00, pre time: 2025-08-18 18:00:00
2025-08-18 03:53:31,290 [simulate_environment.py | 140] INFO: Start to update the input of 2025-08-18 18:10:00
2025-08-18 03:53:31,293 [simulate_environment.py | 167] INFO: Get 16 unallocated order items, 24 ongoing order items, 143 completed order items
2025-08-18 03:53:31,293 [simulate_environment.py | 231] INFO: java main_algorithm
2025-08-18 03:53:31,581 [simulate_environment.py | 254] INFO: 2025-08-18 18:10:00, Item 1630520067-1: state = 1 < 2, we can not finish the simulation
2025-08-18 03:53:31,589 [simulate_environment.py | 99] INFO: **************************************************
2025-08-18 03:53:31,589 [simulate_environment.py | 103] INFO: cur time: 2025-08-18 18:20:00, pre time: 2025-08-18 18:10:00
2025-08-18 03:53:31,589 [simulate_environment.py | 140] INFO: Start to update the input of 2025-08-18 18:20:00
2025-08-18 03:53:31,590 [simulate_environment.py | 167] INFO: Get 41 unallocated order items, 25 ongoing order items, 143 completed order items
2025-08-18 03:53:31,590 [simulate_environment.py | 231] INFO: java main_algorithm
2025-08-18 03:53:31,923 [simulate_environment.py | 254] INFO: 2025-08-18 18:20:00, Item 1713180070-1: state = 1 < 2, we can not finish the simulation
2025-08-18 03:53:31,923 [simulate_environment.py | 99] INFO: **************************************************
2025-08-18 03:53:31,923 [simulate_environment.py | 103] INFO: cur time: 2025-08-18 18:30:00, pre time: 2025-08-18 18:20:00
2025-08-18 03:53:31,923 [simulate_environment.py | 140] INFO: Start to update the input of 2025-08-18 18:30:00
2025-08-18 03:53:31,934 [simulate_environment.py | 167] INFO: Get 41 unallocated order items, 20 ongoing order items, 148 completed order items
2025-08-18 03:53:31,937 [simulate_environment.py | 231] INFO: java main_algorithm
2025-08-18 03:53:32,235 [simulate_environment.py | 254] INFO: 2025-08-18 18:30:00, Item 1713180070-1: state = 1 < 2, we can not finish the simulation
2025-08-18 03:53:32,237 [simulate_environment.py | 99] INFO: **************************************************
2025-08-18 03:53:32,237 [simulate_environment.py | 103] INFO: cur time: 2025-08-18 18:40:00, pre time: 2025-08-18 18:30:00
2025-08-18 03:53:32,238 [simulate_environment.py | 140] INFO: Start to update the input of 2025-08-18 18:40:00
2025-08-18 03:53:32,246 [simulate_environment.py | 167] INFO: Get 41 unallocated order items, 19 ongoing order items, 149 completed order items
2025-08-18 03:53:32,249 [simulate_environment.py | 231] INFO: java main_algorithm
2025-08-18 03:53:32,528 [simulate_environment.py | 254] INFO: 2025-08-18 18:40:00, Item 1713180070-1: state = 1 < 2, we can not finish the simulation
2025-08-18 03:53:32,534 [simulate_environment.py | 99] INFO: **************************************************
2025-08-18 03:53:32,534 [simulate_environment.py | 103] INFO: cur time: 2025-08-18 18:50:00, pre time: 2025-08-18 18:40:00
2025-08-18 03:53:32,534 [simulate_environment.py | 140] INFO: Start to update the input of 2025-08-18 18:50:00
2025-08-18 03:53:32,543 [simulate_environment.py | 167] INFO: Get 41 unallocated order items, 16 ongoing order items, 152 completed order items
2025-08-18 03:53:32,546 [simulate_environment.py | 231] INFO: java main_algorithm
2025-08-18 03:53:32,839 [simulate_environment.py | 254] INFO: 2025-08-18 18:50:00, Item 1713180070-1: state = 1 < 2, we can not finish the simulation
2025-08-18 03:53:32,839 [simulate_environment.py | 99] INFO: **************************************************
2025-08-18 03:53:32,839 [simulate_environment.py | 103] INFO: cur time: 2025-08-18 19:00:00, pre time: 2025-08-18 18:50:00
2025-08-18 03:53:32,839 [simulate_environment.py | 140] INFO: Start to update the input of 2025-08-18 19:00:00
2025-08-18 03:53:32,855 [simulate_environment.py | 167] INFO: Get 41 unallocated order items, 16 ongoing order items, 152 completed order items
2025-08-18 03:53:32,859 [simulate_environment.py | 231] INFO: java main_algorithm
2025-08-18 03:53:33,131 [simulate_environment.py | 254] INFO: 2025-08-18 19:00:00, Item 1713180070-1: state = 1 < 2, we can not finish the simulation
2025-08-18 03:53:33,131 [simulate_environment.py | 99] INFO: **************************************************
2025-08-18 03:53:33,131 [simulate_environment.py | 103] INFO: cur time: 2025-08-18 19:10:00, pre time: 2025-08-18 19:00:00
2025-08-18 03:53:33,135 [simulate_environment.py | 140] INFO: Start to update the input of 2025-08-18 19:10:00
2025-08-18 03:53:33,137 [simulate_environment.py | 167] INFO: Get 41 unallocated order items, 14 ongoing order items, 155 completed order items
2025-08-18 03:53:33,138 [simulate_environment.py | 231] INFO: java main_algorithm
2025-08-18 03:53:33,435 [simulate_environment.py | 254] INFO: 2025-08-18 19:10:00, Item 1723250074-1: state = 1 < 2, we can not finish the simulation
2025-08-18 03:53:33,435 [simulate_environment.py | 99] INFO: **************************************************
2025-08-18 03:53:33,435 [simulate_environment.py | 103] INFO: cur time: 2025-08-18 19:20:00, pre time: 2025-08-18 19:10:00
2025-08-18 03:53:33,435 [simulate_environment.py | 140] INFO: Start to update the input of 2025-08-18 19:20:00
2025-08-18 03:53:33,449 [simulate_environment.py | 167] INFO: Get 36 unallocated order items, 19 ongoing order items, 155 completed order items
2025-08-18 03:53:33,453 [simulate_environment.py | 231] INFO: java main_algorithm
2025-08-18 03:53:33,765 [simulate_environment.py | 254] INFO: 2025-08-18 19:20:00, Item 1723250074-1: state = 1 < 2, we can not finish the simulation
2025-08-18 03:53:33,765 [simulate_environment.py | 99] INFO: **************************************************
2025-08-18 03:53:33,766 [simulate_environment.py | 103] INFO: cur time: 2025-08-18 19:30:00, pre time: 2025-08-18 19:20:00
2025-08-18 03:53:33,766 [simulate_environment.py | 140] INFO: Start to update the input of 2025-08-18 19:30:00
2025-08-18 03:53:33,777 [simulate_environment.py | 167] INFO: Get 38 unallocated order items, 19 ongoing order items, 155 completed order items
2025-08-18 03:53:33,780 [simulate_environment.py | 231] INFO: java main_algorithm
2025-08-18 03:53:34,075 [simulate_environment.py | 254] INFO: 2025-08-18 19:30:00, Item 1723250074-1: state = 1 < 2, we can not finish the simulation
2025-08-18 03:53:34,078 [simulate_environment.py | 99] INFO: **************************************************
2025-08-18 03:53:34,078 [simulate_environment.py | 103] INFO: cur time: 2025-08-18 19:40:00, pre time: 2025-08-18 19:30:00
2025-08-18 03:53:34,078 [simulate_environment.py | 140] INFO: Start to update the input of 2025-08-18 19:40:00
2025-08-18 03:53:34,090 [simulate_environment.py | 167] INFO: Get 38 unallocated order items, 18 ongoing order items, 156 completed order items
2025-08-18 03:53:34,093 [simulate_environment.py | 231] INFO: java main_algorithm
2025-08-18 03:53:34,379 [simulate_environment.py | 254] INFO: 2025-08-18 19:40:00, Item 1723250074-1: state = 1 < 2, we can not finish the simulation
2025-08-18 03:53:34,379 [simulate_environment.py | 99] INFO: **************************************************
2025-08-18 03:53:34,379 [simulate_environment.py | 103] INFO: cur time: 2025-08-18 19:50:00, pre time: 2025-08-18 19:40:00
2025-08-18 03:53:34,379 [simulate_environment.py | 140] INFO: Start to update the input of 2025-08-18 19:50:00
2025-08-18 03:53:34,387 [simulate_environment.py | 167] INFO: Get 36 unallocated order items, 20 ongoing order items, 157 completed order items
2025-08-18 03:53:34,390 [simulate_environment.py | 231] INFO: java main_algorithm
2025-08-18 03:53:34,680 [simulate_environment.py | 254] INFO: 2025-08-18 19:50:00, Item 1742430080-1: state = 1 < 2, we can not finish the simulation
2025-08-18 03:53:34,680 [simulate_environment.py | 99] INFO: **************************************************
2025-08-18 03:53:34,680 [simulate_environment.py | 103] INFO: cur time: 2025-08-18 20:00:00, pre time: 2025-08-18 19:50:00
2025-08-18 03:53:34,680 [simulate_environment.py | 140] INFO: Start to update the input of 2025-08-18 20:00:00
2025-08-18 03:53:34,684 [simulate_environment.py | 167] INFO: Get 12 unallocated order items, 44 ongoing order items, 157 completed order items
2025-08-18 03:53:34,684 [simulate_environment.py | 231] INFO: java main_algorithm
2025-08-18 03:53:34,975 [simulate_environment.py | 254] INFO: 2025-08-18 20:00:00, Item 1742430080-1: state = 1 < 2, we can not finish the simulation
2025-08-18 03:53:34,975 [simulate_environment.py | 99] INFO: **************************************************
2025-08-18 03:53:34,975 [simulate_environment.py | 103] INFO: cur time: 2025-08-18 20:10:00, pre time: 2025-08-18 20:00:00
2025-08-18 03:53:34,975 [simulate_environment.py | 140] INFO: Start to update the input of 2025-08-18 20:10:00
2025-08-18 03:53:34,981 [simulate_environment.py | 167] INFO: Get 12 unallocated order items, 40 ongoing order items, 161 completed order items
2025-08-18 03:53:34,981 [simulate_environment.py | 231] INFO: java main_algorithm
2025-08-18 03:53:35,268 [simulate_environment.py | 254] INFO: 2025-08-18 20:10:00, Item 1742430080-1: state = 1 < 2, we can not finish the simulation
2025-08-18 03:53:35,268 [simulate_environment.py | 99] INFO: **************************************************
2025-08-18 03:53:35,268 [simulate_environment.py | 103] INFO: cur time: 2025-08-18 20:20:00, pre time: 2025-08-18 20:10:00
2025-08-18 03:53:35,268 [simulate_environment.py | 140] INFO: Start to update the input of 2025-08-18 20:20:00
2025-08-18 03:53:35,278 [simulate_environment.py | 167] INFO: Get 18 unallocated order items, 39 ongoing order items, 162 completed order items
2025-08-18 03:53:35,281 [simulate_environment.py | 231] INFO: java main_algorithm
2025-08-18 03:53:35,544 [simulate_environment.py | 254] INFO: 2025-08-18 20:20:00, Item 1742430080-1: state = 1 < 2, we can not finish the simulation
2025-08-18 03:53:35,549 [simulate_environment.py | 99] INFO: **************************************************
2025-08-18 03:53:35,549 [simulate_environment.py | 103] INFO: cur time: 2025-08-18 20:30:00, pre time: 2025-08-18 20:20:00
2025-08-18 03:53:35,549 [simulate_environment.py | 140] INFO: Start to update the input of 2025-08-18 20:30:00
2025-08-18 03:53:35,559 [simulate_environment.py | 167] INFO: Get 14 unallocated order items, 43 ongoing order items, 162 completed order items
2025-08-18 03:53:35,560 [simulate_environment.py | 231] INFO: java main_algorithm
2025-08-18 03:53:35,843 [simulate_environment.py | 254] INFO: 2025-08-18 20:30:00, Item 1742430080-1: state = 1 < 2, we can not finish the simulation
2025-08-18 03:53:35,843 [simulate_environment.py | 99] INFO: **************************************************
2025-08-18 03:53:35,843 [simulate_environment.py | 103] INFO: cur time: 2025-08-18 20:40:00, pre time: 2025-08-18 20:30:00
2025-08-18 03:53:35,843 [simulate_environment.py | 140] INFO: Start to update the input of 2025-08-18 20:40:00
2025-08-18 03:53:35,855 [simulate_environment.py | 167] INFO: Get 15 unallocated order items, 43 ongoing order items, 162 completed order items
2025-08-18 03:53:35,858 [simulate_environment.py | 231] INFO: java main_algorithm
2025-08-18 03:53:36,157 [simulate_environment.py | 254] INFO: 2025-08-18 20:40:00, Item 1742430080-1: state = 1 < 2, we can not finish the simulation
2025-08-18 03:53:36,159 [simulate_environment.py | 99] INFO: **************************************************
2025-08-18 03:53:36,160 [simulate_environment.py | 103] INFO: cur time: 2025-08-18 20:50:00, pre time: 2025-08-18 20:40:00
2025-08-18 03:53:36,160 [simulate_environment.py | 140] INFO: Start to update the input of 2025-08-18 20:50:00
2025-08-18 03:53:36,168 [simulate_environment.py | 167] INFO: Get 15 unallocated order items, 49 ongoing order items, 162 completed order items
2025-08-18 03:53:36,171 [simulate_environment.py | 231] INFO: java main_algorithm
2025-08-18 03:53:36,475 [simulate_environment.py | 254] INFO: 2025-08-18 20:50:00, Item 1813140082-25: state = 1 < 2, we can not finish the simulation
2025-08-18 03:53:36,475 [simulate_environment.py | 99] INFO: **************************************************
2025-08-18 03:53:36,475 [simulate_environment.py | 103] INFO: cur time: 2025-08-18 21:00:00, pre time: 2025-08-18 20:50:00
2025-08-18 03:53:36,475 [simulate_environment.py | 140] INFO: Start to update the input of 2025-08-18 21:00:00
2025-08-18 03:53:36,481 [simulate_environment.py | 167] INFO: Get 15 unallocated order items, 49 ongoing order items, 162 completed order items
2025-08-18 03:53:36,485 [simulate_environment.py | 231] INFO: java main_algorithm
2025-08-18 03:53:36,769 [simulate_environment.py | 254] INFO: 2025-08-18 21:00:00, Item 1813140082-25: state = 1 < 2, we can not finish the simulation
2025-08-18 03:53:36,772 [simulate_environment.py | 99] INFO: **************************************************
2025-08-18 03:53:36,773 [simulate_environment.py | 103] INFO: cur time: 2025-08-18 21:10:00, pre time: 2025-08-18 21:00:00
2025-08-18 03:53:36,773 [simulate_environment.py | 140] INFO: Start to update the input of 2025-08-18 21:10:00
2025-08-18 03:53:36,778 [simulate_environment.py | 167] INFO: Get 15 unallocated order items, 30 ongoing order items, 181 completed order items
2025-08-18 03:53:36,781 [simulate_environment.py | 231] INFO: java main_algorithm
2025-08-18 03:53:37,079 [simulate_environment.py | 254] INFO: 2025-08-18 21:10:00, Item 1813140082-25: state = 1 < 2, we can not finish the simulation
2025-08-18 03:53:37,079 [simulate_environment.py | 99] INFO: **************************************************
2025-08-18 03:53:37,079 [simulate_environment.py | 103] INFO: cur time: 2025-08-18 21:20:00, pre time: 2025-08-18 21:10:00
2025-08-18 03:53:37,084 [simulate_environment.py | 140] INFO: Start to update the input of 2025-08-18 21:20:00
2025-08-18 03:53:37,090 [simulate_environment.py | 167] INFO: Get 15 unallocated order items, 30 ongoing order items, 181 completed order items
2025-08-18 03:53:37,093 [simulate_environment.py | 231] INFO: java main_algorithm
2025-08-18 03:53:37,354 [simulate_environment.py | 254] INFO: 2025-08-18 21:20:00, Item 1813140082-25: state = 1 < 2, we can not finish the simulation
2025-08-18 03:53:37,354 [simulate_environment.py | 99] INFO: **************************************************
2025-08-18 03:53:37,354 [simulate_environment.py | 103] INFO: cur time: 2025-08-18 21:30:00, pre time: 2025-08-18 21:20:00
2025-08-18 03:53:37,354 [simulate_environment.py | 140] INFO: Start to update the input of 2025-08-18 21:30:00
2025-08-18 03:53:37,357 [simulate_environment.py | 167] INFO: Get 29 unallocated order items, 30 ongoing order items, 181 completed order items
2025-08-18 03:53:37,358 [simulate_environment.py | 231] INFO: java main_algorithm
2025-08-18 03:53:37,653 [simulate_environment.py | 254] INFO: 2025-08-18 21:30:00, Item 1813140082-25: state = 1 < 2, we can not finish the simulation
2025-08-18 03:53:37,658 [simulate_environment.py | 99] INFO: **************************************************
2025-08-18 03:53:37,658 [simulate_environment.py | 103] INFO: cur time: 2025-08-18 21:40:00, pre time: 2025-08-18 21:30:00
2025-08-18 03:53:37,658 [simulate_environment.py | 140] INFO: Start to update the input of 2025-08-18 21:40:00
2025-08-18 03:53:37,668 [simulate_environment.py | 167] INFO: Get 30 unallocated order items, 30 ongoing order items, 181 completed order items
2025-08-18 03:53:37,673 [simulate_environment.py | 231] INFO: java main_algorithm
2025-08-18 03:53:37,958 [simulate_environment.py | 254] INFO: 2025-08-18 21:40:00, Item 1813140082-25: state = 1 < 2, we can not finish the simulation
2025-08-18 03:53:37,958 [simulate_environment.py | 99] INFO: **************************************************
2025-08-18 03:53:37,958 [simulate_environment.py | 103] INFO: cur time: 2025-08-18 21:50:00, pre time: 2025-08-18 21:40:00
2025-08-18 03:53:37,958 [simulate_environment.py | 140] INFO: Start to update the input of 2025-08-18 21:50:00
2025-08-18 03:53:37,965 [simulate_environment.py | 167] INFO: Get 29 unallocated order items, 25 ongoing order items, 187 completed order items
2025-08-18 03:53:37,965 [simulate_environment.py | 231] INFO: java main_algorithm
2025-08-18 03:53:38,243 [simulate_environment.py | 254] INFO: 2025-08-18 21:50:00, Item 1907560083-1: state = 1 < 2, we can not finish the simulation
2025-08-18 03:53:38,243 [simulate_environment.py | 99] INFO: **************************************************
2025-08-18 03:53:38,243 [simulate_environment.py | 103] INFO: cur time: 2025-08-18 22:00:00, pre time: 2025-08-18 21:50:00
2025-08-18 03:53:38,243 [simulate_environment.py | 140] INFO: Start to update the input of 2025-08-18 22:00:00
2025-08-18 03:53:38,247 [simulate_environment.py | 167] INFO: Get 29 unallocated order items, 25 ongoing order items, 187 completed order items
2025-08-18 03:53:38,248 [simulate_environment.py | 231] INFO: java main_algorithm
2025-08-18 03:53:38,518 [simulate_environment.py | 254] INFO: 2025-08-18 22:00:00, Item 1907560083-1: state = 1 < 2, we can not finish the simulation
2025-08-18 03:53:38,519 [simulate_environment.py | 99] INFO: **************************************************
2025-08-18 03:53:38,519 [simulate_environment.py | 103] INFO: cur time: 2025-08-18 22:10:00, pre time: 2025-08-18 22:00:00
2025-08-18 03:53:38,519 [simulate_environment.py | 140] INFO: Start to update the input of 2025-08-18 22:10:00
2025-08-18 03:53:38,527 [simulate_environment.py | 167] INFO: Get 28 unallocated order items, 2 ongoing order items, 211 completed order items
2025-08-18 03:53:38,530 [simulate_environment.py | 231] INFO: java main_algorithm
2025-08-18 03:53:38,814 [simulate_environment.py | 254] INFO: 2025-08-18 22:10:00, Item 1907560083-1: state = 1 < 2, we can not finish the simulation
2025-08-18 03:53:38,815 [simulate_environment.py | 99] INFO: **************************************************
2025-08-18 03:53:38,815 [simulate_environment.py | 103] INFO: cur time: 2025-08-18 22:20:00, pre time: 2025-08-18 22:10:00
2025-08-18 03:53:38,815 [simulate_environment.py | 140] INFO: Start to update the input of 2025-08-18 22:20:00
2025-08-18 03:53:38,825 [simulate_environment.py | 167] INFO: Get 29 unallocated order items, 2 ongoing order items, 211 completed order items
2025-08-18 03:53:38,826 [simulate_environment.py | 231] INFO: java main_algorithm
2025-08-18 03:53:39,116 [simulate_environment.py | 254] INFO: 2025-08-18 22:20:00, Item 1907560083-1: state = 1 < 2, we can not finish the simulation
2025-08-18 03:53:39,119 [simulate_environment.py | 99] INFO: **************************************************
2025-08-18 03:53:39,119 [simulate_environment.py | 103] INFO: cur time: 2025-08-18 22:30:00, pre time: 2025-08-18 22:20:00
2025-08-18 03:53:39,119 [simulate_environment.py | 140] INFO: Start to update the input of 2025-08-18 22:30:00
2025-08-18 03:53:39,122 [simulate_environment.py | 167] INFO: Get 22 unallocated order items, 9 ongoing order items, 211 completed order items
2025-08-18 03:53:39,122 [simulate_environment.py | 231] INFO: java main_algorithm
2025-08-18 03:53:39,400 [simulate_environment.py | 254] INFO: 2025-08-18 22:30:00, Item 2033150087-1: state = 1 < 2, we can not finish the simulation
2025-08-18 03:53:39,402 [simulate_environment.py | 99] INFO: **************************************************
2025-08-18 03:53:39,402 [simulate_environment.py | 103] INFO: cur time: 2025-08-18 22:40:00, pre time: 2025-08-18 22:30:00
2025-08-18 03:53:39,402 [simulate_environment.py | 140] INFO: Start to update the input of 2025-08-18 22:40:00
2025-08-18 03:53:39,403 [simulate_environment.py | 167] INFO: Get 22 unallocated order items, 9 ongoing order items, 211 completed order items
2025-08-18 03:53:39,403 [simulate_environment.py | 231] INFO: java main_algorithm
2025-08-18 03:53:39,680 [simulate_environment.py | 254] INFO: 2025-08-18 22:40:00, Item 2033150087-1: state = 1 < 2, we can not finish the simulation
2025-08-18 03:53:39,680 [simulate_environment.py | 99] INFO: **************************************************
2025-08-18 03:53:39,680 [simulate_environment.py | 103] INFO: cur time: 2025-08-18 22:50:00, pre time: 2025-08-18 22:40:00
2025-08-18 03:53:39,680 [simulate_environment.py | 140] INFO: Start to update the input of 2025-08-18 22:50:00
2025-08-18 03:53:39,685 [simulate_environment.py | 167] INFO: Get 26 unallocated order items, 9 ongoing order items, 211 completed order items
2025-08-18 03:53:39,685 [simulate_environment.py | 231] INFO: java main_algorithm
2025-08-18 03:53:39,998 [simulate_environment.py | 254] INFO: 2025-08-18 22:50:00, Item 2033150087-1: state = 1 < 2, we can not finish the simulation
2025-08-18 03:53:39,998 [simulate_environment.py | 99] INFO: **************************************************
2025-08-18 03:53:40,004 [simulate_environment.py | 103] INFO: cur time: 2025-08-18 23:00:00, pre time: 2025-08-18 22:50:00
2025-08-18 03:53:40,004 [simulate_environment.py | 140] INFO: Start to update the input of 2025-08-18 23:00:00
2025-08-18 03:53:40,012 [simulate_environment.py | 167] INFO: Get 26 unallocated order items, 9 ongoing order items, 212 completed order items
2025-08-18 03:53:40,016 [simulate_environment.py | 231] INFO: java main_algorithm
2025-08-18 03:53:40,294 [simulate_environment.py | 254] INFO: 2025-08-18 23:00:00, Item 2046420088-1: state = 1 < 2, we can not finish the simulation
2025-08-18 03:53:40,294 [simulate_environment.py | 99] INFO: **************************************************
2025-08-18 03:53:40,295 [simulate_environment.py | 103] INFO: cur time: 2025-08-18 23:10:00, pre time: 2025-08-18 23:00:00
2025-08-18 03:53:40,295 [simulate_environment.py | 140] INFO: Start to update the input of 2025-08-18 23:10:00
2025-08-18 03:53:40,309 [simulate_environment.py | 167] INFO: Get 13 unallocated order items, 23 ongoing order items, 212 completed order items
2025-08-18 03:53:40,313 [simulate_environment.py | 231] INFO: java main_algorithm
2025-08-18 03:53:40,629 [simulate_environment.py | 254] INFO: 2025-08-18 23:10:00, Item 2046420088-1: state = 1 < 2, we can not finish the simulation
2025-08-18 03:53:40,629 [simulate_environment.py | 99] INFO: **************************************************
2025-08-18 03:53:40,629 [simulate_environment.py | 103] INFO: cur time: 2025-08-18 23:20:00, pre time: 2025-08-18 23:10:00
2025-08-18 03:53:40,629 [simulate_environment.py | 140] INFO: Start to update the input of 2025-08-18 23:20:00
2025-08-18 03:53:40,637 [simulate_environment.py | 167] INFO: Get 13 unallocated order items, 22 ongoing order items, 213 completed order items
2025-08-18 03:53:40,639 [simulate_environment.py | 231] INFO: java main_algorithm
2025-08-18 03:53:40,934 [simulate_environment.py | 254] INFO: 2025-08-18 23:20:00, Item 2046420088-1: state = 1 < 2, we can not finish the simulation
2025-08-18 03:53:40,935 [simulate_environment.py | 99] INFO: **************************************************
2025-08-18 03:53:40,935 [simulate_environment.py | 103] INFO: cur time: 2025-08-18 23:30:00, pre time: 2025-08-18 23:20:00
2025-08-18 03:53:40,935 [simulate_environment.py | 140] INFO: Start to update the input of 2025-08-18 23:30:00
2025-08-18 03:53:40,949 [simulate_environment.py | 167] INFO: Get 13 unallocated order items, 22 ongoing order items, 213 completed order items
2025-08-18 03:53:40,952 [simulate_environment.py | 231] INFO: java main_algorithm
2025-08-18 03:53:41,218 [simulate_environment.py | 254] INFO: 2025-08-18 23:30:00, Item 2046420088-1: state = 1 < 2, we can not finish the simulation
2025-08-18 03:53:41,225 [simulate_environment.py | 99] INFO: **************************************************
2025-08-18 03:53:41,225 [simulate_environment.py | 103] INFO: cur time: 2025-08-18 23:40:00, pre time: 2025-08-18 23:30:00
2025-08-18 03:53:41,225 [simulate_environment.py | 140] INFO: Start to update the input of 2025-08-18 23:40:00
2025-08-18 03:53:41,230 [simulate_environment.py | 167] INFO: Get 15 unallocated order items, 22 ongoing order items, 213 completed order items
2025-08-18 03:53:41,232 [simulate_environment.py | 231] INFO: java main_algorithm
2025-08-18 03:53:41,559 [simulate_environment.py | 254] INFO: 2025-08-18 23:40:00, Item 2046420088-1: state = 1 < 2, we can not finish the simulation
2025-08-18 03:53:41,559 [simulate_environment.py | 99] INFO: **************************************************
2025-08-18 03:53:41,559 [simulate_environment.py | 103] INFO: cur time: 2025-08-18 23:50:00, pre time: 2025-08-18 23:40:00
2025-08-18 03:53:41,559 [simulate_environment.py | 140] INFO: Start to update the input of 2025-08-18 23:50:00
2025-08-18 03:53:41,574 [simulate_environment.py | 167] INFO: Get 13 unallocated order items, 27 ongoing order items, 213 completed order items
2025-08-18 03:53:41,577 [simulate_environment.py | 231] INFO: java main_algorithm
2025-08-18 03:53:41,909 [simulate_environment.py | 254] INFO: 2025-08-18 23:50:00, Item 2131380091-1: state = 1 < 2, we can not finish the simulation
2025-08-18 03:53:41,918 [simulate_environment.py | 99] INFO: **************************************************
2025-08-18 03:53:41,918 [simulate_environment.py | 103] INFO: cur time: 2025-08-19 00:00:00, pre time: 2025-08-18 23:50:00
2025-08-18 03:53:41,918 [simulate_environment.py | 140] INFO: Start to update the input of 2025-08-19 00:00:00
2025-08-18 03:53:41,934 [simulate_environment.py | 167] INFO: Get 13 unallocated order items, 26 ongoing order items, 214 completed order items
2025-08-18 03:53:41,937 [simulate_environment.py | 231] INFO: java main_algorithm
2025-08-18 03:53:42,229 [simulate_environment.py | 254] INFO: 2025-08-19 00:00:00, Item 2131380091-1: state = 1 < 2, we can not finish the simulation
2025-08-18 03:53:42,229 [simulate_environment.py | 99] INFO: **************************************************
2025-08-18 03:53:42,229 [simulate_environment.py | 103] INFO: cur time: 2025-08-19 00:10:00, pre time: 2025-08-19 00:00:00
2025-08-18 03:53:42,229 [simulate_environment.py | 140] INFO: Start to update the input of 2025-08-19 00:10:00
2025-08-18 03:53:42,234 [simulate_environment.py | 167] INFO: Get 13 unallocated order items, 26 ongoing order items, 214 completed order items
2025-08-18 03:53:42,234 [simulate_environment.py | 231] INFO: java main_algorithm
2025-08-18 03:53:42,589 [simulate_environment.py | 254] INFO: 2025-08-19 00:10:00, Item 2131380091-1: state = 1 < 2, we can not finish the simulation
2025-08-18 03:53:42,589 [simulate_environment.py | 99] INFO: **************************************************
2025-08-18 03:53:42,589 [simulate_environment.py | 103] INFO: cur time: 2025-08-19 00:20:00, pre time: 2025-08-19 00:10:00
2025-08-18 03:53:42,589 [simulate_environment.py | 140] INFO: Start to update the input of 2025-08-19 00:20:00
2025-08-18 03:53:42,593 [simulate_environment.py | 167] INFO: Get 12 unallocated order items, 21 ongoing order items, 220 completed order items
2025-08-18 03:53:42,593 [simulate_environment.py | 231] INFO: java main_algorithm
2025-08-18 03:53:42,919 [simulate_environment.py | 254] INFO: 2025-08-19 00:20:00, Item 2131380091-1: state = 1 < 2, we can not finish the simulation
2025-08-18 03:53:42,919 [simulate_environment.py | 99] INFO: **************************************************
2025-08-18 03:53:42,919 [simulate_environment.py | 103] INFO: cur time: 2025-08-19 00:30:00, pre time: 2025-08-19 00:20:00
2025-08-18 03:53:42,919 [simulate_environment.py | 140] INFO: Start to update the input of 2025-08-19 00:30:00
2025-08-18 03:53:42,934 [simulate_environment.py | 167] INFO: Get 12 unallocated order items, 21 ongoing order items, 220 completed order items
2025-08-18 03:53:42,938 [simulate_environment.py | 231] INFO: java main_algorithm
2025-08-18 03:53:43,258 [simulate_environment.py | 254] INFO: 2025-08-19 00:30:00, Item 2131380091-1: state = 1 < 2, we can not finish the simulation
2025-08-18 03:53:43,268 [simulate_environment.py | 99] INFO: **************************************************
2025-08-18 03:53:43,268 [simulate_environment.py | 103] INFO: cur time: 2025-08-19 00:40:00, pre time: 2025-08-19 00:30:00
2025-08-18 03:53:43,268 [simulate_environment.py | 140] INFO: Start to update the input of 2025-08-19 00:40:00
2025-08-18 03:53:43,278 [simulate_environment.py | 167] INFO: Get 10 unallocated order items, 22 ongoing order items, 221 completed order items
2025-08-18 03:53:43,280 [simulate_environment.py | 231] INFO: java main_algorithm
2025-08-18 03:53:43,595 [simulate_environment.py | 254] INFO: 2025-08-19 00:40:00, Item 2244320093-1: state = 1 < 2, we can not finish the simulation
2025-08-18 03:53:43,596 [simulate_environment.py | 99] INFO: **************************************************
2025-08-18 03:53:43,596 [simulate_environment.py | 103] INFO: cur time: 2025-08-19 00:50:00, pre time: 2025-08-19 00:40:00
2025-08-18 03:53:43,596 [simulate_environment.py | 140] INFO: Start to update the input of 2025-08-19 00:50:00
2025-08-18 03:53:43,606 [simulate_environment.py | 167] INFO: Get 10 unallocated order items, 22 ongoing order items, 221 completed order items
2025-08-18 03:53:43,608 [simulate_environment.py | 231] INFO: java main_algorithm
2025-08-18 03:53:43,882 [simulate_environment.py | 254] INFO: 2025-08-19 00:50:00, Item 2244320093-1: state = 1 < 2, we can not finish the simulation
2025-08-18 03:53:43,882 [simulate_environment.py | 99] INFO: **************************************************
2025-08-18 03:53:43,882 [simulate_environment.py | 103] INFO: cur time: 2025-08-19 01:00:00, pre time: 2025-08-19 00:50:00
2025-08-18 03:53:43,882 [simulate_environment.py | 140] INFO: Start to update the input of 2025-08-19 01:00:00
2025-08-18 03:53:43,888 [simulate_environment.py | 167] INFO: Get 10 unallocated order items, 22 ongoing order items, 221 completed order items
2025-08-18 03:53:43,888 [simulate_environment.py | 231] INFO: java main_algorithm
2025-08-18 03:53:44,165 [simulate_environment.py | 254] INFO: 2025-08-19 01:00:00, Item 2244320093-1: state = 1 < 2, we can not finish the simulation
2025-08-18 03:53:44,165 [simulate_environment.py | 99] INFO: **************************************************
2025-08-18 03:53:44,168 [simulate_environment.py | 103] INFO: cur time: 2025-08-19 01:10:00, pre time: 2025-08-19 01:00:00
2025-08-18 03:53:44,168 [simulate_environment.py | 140] INFO: Start to update the input of 2025-08-19 01:10:00
2025-08-18 03:53:44,184 [simulate_environment.py | 167] INFO: Get 10 unallocated order items, 7 ongoing order items, 236 completed order items
2025-08-18 03:53:44,186 [simulate_environment.py | 231] INFO: java main_algorithm
2025-08-18 03:53:44,439 [simulate_environment.py | 254] INFO: 2025-08-19 01:10:00, Item 2244320093-1: state = 1 < 2, we can not finish the simulation
2025-08-18 03:53:44,439 [simulate_environment.py | 99] INFO: **************************************************
2025-08-18 03:53:44,439 [simulate_environment.py | 103] INFO: cur time: 2025-08-19 01:20:00, pre time: 2025-08-19 01:10:00
2025-08-18 03:53:44,439 [simulate_environment.py | 140] INFO: Start to update the input of 2025-08-19 01:20:00
2025-08-18 03:53:44,450 [simulate_environment.py | 167] INFO: Get 4 unallocated order items, 8 ongoing order items, 241 completed order items
2025-08-18 03:53:44,451 [simulate_environment.py | 231] INFO: java main_algorithm
2025-08-18 03:53:44,700 [simulate_environment.py | 254] INFO: 2025-08-19 01:20:00, Item 2252450094-1: state = 1 < 2, we can not finish the simulation
2025-08-18 03:53:44,700 [simulate_environment.py | 99] INFO: **************************************************
2025-08-18 03:53:44,700 [simulate_environment.py | 103] INFO: cur time: 2025-08-19 01:30:00, pre time: 2025-08-19 01:20:00
2025-08-18 03:53:44,700 [simulate_environment.py | 140] INFO: Start to update the input of 2025-08-19 01:30:00
2025-08-18 03:53:44,715 [simulate_environment.py | 167] INFO: Get 4 unallocated order items, 8 ongoing order items, 241 completed order items
2025-08-18 03:53:44,717 [simulate_environment.py | 231] INFO: java main_algorithm
2025-08-18 03:53:44,948 [simulate_environment.py | 254] INFO: 2025-08-19 01:30:00, Item 2252450094-1: state = 1 < 2, we can not finish the simulation
2025-08-18 03:53:44,948 [simulate_environment.py | 99] INFO: **************************************************
2025-08-18 03:53:44,948 [simulate_environment.py | 103] INFO: cur time: 2025-08-19 01:40:00, pre time: 2025-08-19 01:30:00
2025-08-18 03:53:44,948 [simulate_environment.py | 140] INFO: Start to update the input of 2025-08-19 01:40:00
2025-08-18 03:53:44,958 [simulate_environment.py | 167] INFO: Get 1 unallocated order items, 11 ongoing order items, 241 completed order items
2025-08-18 03:53:44,958 [simulate_environment.py | 231] INFO: java main_algorithm
2025-08-18 03:53:45,228 [simulate_environment.py | 254] INFO: 2025-08-19 01:40:00, Item 2346500100-1: state = 1 < 2, we can not finish the simulation
2025-08-18 03:53:45,228 [simulate_environment.py | 99] INFO: **************************************************
2025-08-18 03:53:45,228 [simulate_environment.py | 103] INFO: cur time: 2025-08-19 01:50:00, pre time: 2025-08-19 01:40:00
2025-08-18 03:53:45,228 [simulate_environment.py | 140] INFO: Start to update the input of 2025-08-19 01:50:00
2025-08-18 03:53:45,231 [simulate_environment.py | 167] INFO: Get 1 unallocated order items, 11 ongoing order items, 241 completed order items
2025-08-18 03:53:45,231 [simulate_environment.py | 231] INFO: java main_algorithm
2025-08-18 03:53:45,477 [simulate_environment.py | 254] INFO: 2025-08-19 01:50:00, Item 2346500100-1: state = 1 < 2, we can not finish the simulation
2025-08-18 03:53:45,477 [simulate_environment.py | 99] INFO: **************************************************
2025-08-18 03:53:45,477 [simulate_environment.py | 103] INFO: cur time: 2025-08-19 02:00:00, pre time: 2025-08-19 01:50:00
2025-08-18 03:53:45,477 [simulate_environment.py | 140] INFO: Start to update the input of 2025-08-19 02:00:00
2025-08-18 03:53:45,480 [simulate_environment.py | 167] INFO: Get 1 unallocated order items, 11 ongoing order items, 241 completed order items
2025-08-18 03:53:45,480 [simulate_environment.py | 231] INFO: java main_algorithm
2025-08-18 03:53:45,722 [simulate_environment.py | 254] INFO: 2025-08-19 02:00:00, Item 2346500100-1: state = 1 < 2, we can not finish the simulation
2025-08-18 03:53:45,723 [simulate_environment.py | 99] INFO: **************************************************
2025-08-18 03:53:45,723 [simulate_environment.py | 103] INFO: cur time: 2025-08-19 02:10:00, pre time: 2025-08-19 02:00:00
2025-08-18 03:53:45,723 [simulate_environment.py | 140] INFO: Start to update the input of 2025-08-19 02:10:00
2025-08-18 03:53:45,731 [simulate_environment.py | 167] INFO: Get 1 unallocated order items, 11 ongoing order items, 241 completed order items
2025-08-18 03:53:45,732 [simulate_environment.py | 231] INFO: java main_algorithm
2025-08-18 03:53:45,961 [simulate_environment.py | 254] INFO: 2025-08-19 02:10:00, Item 2346500100-1: state = 1 < 2, we can not finish the simulation
2025-08-18 03:53:45,961 [simulate_environment.py | 99] INFO: **************************************************
2025-08-18 03:53:45,961 [simulate_environment.py | 103] INFO: cur time: 2025-08-19 02:20:00, pre time: 2025-08-19 02:10:00
2025-08-18 03:53:45,961 [simulate_environment.py | 140] INFO: Start to update the input of 2025-08-19 02:20:00
2025-08-18 03:53:45,968 [simulate_environment.py | 167] INFO: Get 1 unallocated order items, 6 ongoing order items, 246 completed order items
2025-08-18 03:53:45,969 [simulate_environment.py | 231] INFO: java main_algorithm
2025-08-18 03:53:46,208 [simulate_environment.py | 254] INFO: 2025-08-19 02:20:00, Item 2346500100-1: state = 1 < 2, we can not finish the simulation
2025-08-18 03:53:46,208 [simulate_environment.py | 99] INFO: **************************************************
2025-08-18 03:53:46,208 [simulate_environment.py | 103] INFO: cur time: 2025-08-19 02:30:00, pre time: 2025-08-19 02:20:00
2025-08-18 03:53:46,208 [simulate_environment.py | 140] INFO: Start to update the input of 2025-08-19 02:30:00
2025-08-18 03:53:46,217 [simulate_environment.py | 167] INFO: Get 1 unallocated order items, 3 ongoing order items, 249 completed order items
2025-08-18 03:53:46,218 [simulate_environment.py | 231] INFO: java main_algorithm
2025-08-18 03:53:46,448 [simulate_environment.py | 254] INFO: 2025-08-19 02:30:00, Item 2346500100-1: state = 1 < 2, we can not finish the simulation
2025-08-18 03:53:46,448 [simulate_environment.py | 99] INFO: **************************************************
2025-08-18 03:53:46,448 [simulate_environment.py | 103] INFO: cur time: 2025-08-19 02:40:00, pre time: 2025-08-19 02:30:00
2025-08-18 03:53:46,448 [simulate_environment.py | 140] INFO: Start to update the input of 2025-08-19 02:40:00
2025-08-18 03:53:46,452 [simulate_environment.py | 167] INFO: Get 0 unallocated order items, 4 ongoing order items, 249 completed order items
2025-08-18 03:53:46,452 [simulate_environment.py | 231] INFO: java main_algorithm
2025-08-18 03:53:46,748 [simulate_environment.py | 257] INFO: 2025-08-19 02:40:00, the status of all items is greater than 1, we could finish the simulation
2025-08-18 03:53:46,762 [evaluator.py    | 52] INFO: Traveling Distance of Vehicle V_1 is  161.300, visited node list: 85
2025-08-18 03:53:46,762 [evaluator.py    | 52] INFO: Traveling Distance of Vehicle V_2 is  199.100, visited node list: 49
2025-08-18 03:53:46,762 [evaluator.py    | 52] INFO: Traveling Distance of Vehicle V_3 is  220.500, visited node list: 54
2025-08-18 03:53:46,762 [evaluator.py    | 52] INFO: Traveling Distance of Vehicle V_4 is  187.400, visited node list: 74
2025-08-18 03:53:46,762 [evaluator.py    | 52] INFO: Traveling Distance of Vehicle V_5 is  132.700, visited node list: 41
2025-08-18 03:53:46,762 [evaluator.py    | 33] INFO: Total distance:  901.000
2025-08-18 03:53:46,762 [evaluator.py    | 35] INFO: Sum over time:  5326.000
2025-08-18 03:53:46,762 [evaluator.py    | 37] INFO: Total score:  14974.644
2025-08-18 03:53:46,768 [main.py         | 53] INFO: Score of instance_12: 14974.644444444446
